title,url,date,rating,status,comment
珀尔,https://movie.douban.com/subject/35801819/,2026-08-11,★★,看过,
鬼玩人6：炼狱,https://movie.douban.com/subject/36767846/,2026-08-08,★,看过,
蜘蛛侠：崭新之日,https://movie.douban.com/subject/36246195/,2026-08-02,★★,看过,
群体,https://movie.douban.com/subject/37096700/,2026-08-02,★,看过,
诺曼底72小时,https://movie.douban.com/subject/36916000/,2026-07-26,★★★,看过,
痴迷,https://movie.douban.com/subject/37450627/,2026-07-26,★★★★,看过,
帝王计划：怪兽遗产 第二季,https://movie.douban.com/subject/36850546/,2026-07-24,★,看过,
铁肺,https://movie.douban.com/subject/36371992/,2026-07-22,★★,看过,
揭秘日,https://movie.douban.com/subject/36860212/,2026-07-22,★★★,看过,
我的野蛮女老师,https://movie.douban.com/subject/1308596/,2026-06-22,★★★,看过,
夜勤事件,https://movie.douban.com/subject/37521524/,2026-06-11,★,看过,
给阿嬷的情书,https://movie.douban.com/subject/37116446/,2026-05-31,★★★★,看过,
木乃伊,https://movie.douban.com/subject/36929221/,2026-05-21,★★,看过,
极乐凶间 第二季,https://movie.douban.com/subject/37245783/,2026-03-31,★★★★,看过,
挽救计划,https://movie.douban.com/subject/35010610/,2026-03-29,★,看过,
极乐凶间 第一季,https://movie.douban.com/subject/36350234/,2026-03-29,★★★★,看过,
福尔摩斯：夜魇,https://movie.douban.com/subject/37269056/,2026-03-17,,看过,
13骇人游戏,https://movie.douban.com/subject/6853653/,2026-03-10,★,看过,
侵略机器,https://movie.douban.com/subject/35900174/,2026-03-10,★★,看过,
安娜贝尔3：回家,https://movie.douban.com/subject/30207919/,2026-03-09,★★,看过,
安娜贝尔2：诞生,https://movie.douban.com/subject/26644205/,2026-03-09,★★,看过,
耶稣受难记,https://movie.douban.com/subject/1308750/,2026-03-08,★★★,看过,
教宗的承继,https://movie.douban.com/subject/27132510/,2026-03-08,★★★★,看过,
安娜贝尔,https://movie.douban.com/subject/25812885/,2026-03-04,★★,看过,
高草丛中,https://movie.douban.com/subject/26419635/,2026-03-04,★★,看过,
禁闭男童,https://movie.douban.com/subject/27005769/,2026-03-04,★★,看过,
弗兰肯斯坦,https://movie.douban.com/subject/3262044/,2026-03-02,★★★,看过,
七王国的骑士 第一季,https://movie.douban.com/subject/35341071/,2026-03-02,★★★★,看过,
本能反应,https://movie.douban.com/subject/1293624/,2026-02-26,★★★,看过,
庇护之地,https://movie.douban.com/subject/36892468/,2026-02-26,★★,看过,
诡怪疑云,https://movie.douban.com/subject/27188152/,2026-02-25,★★★,看过,
罪人,https://movie.douban.com/subject/36742579/,2026-02-24,★★★,看过,
黑森灵,https://movie.douban.com/subject/27078344/,2026-02-24,★★,看过,
非常公寓,https://movie.douban.com/subject/1299795/,2026-02-23,★★★,看过,
守法公民,https://movie.douban.com/subject/3009161/,2026-02-23,★★★,看过,
金福南杀人事件始末,https://movie.douban.com/subject/4826419/,2026-02-22,★★★,看过,
星际之门,https://movie.douban.com/subject/1302209/,2026-02-22,★★,看过,
特警判官,https://movie.douban.com/subject/3387483/,2026-02-22,★★,看过,
黑洞频率,https://movie.douban.com/subject/1294183/,2026-02-21,★★★,看过,
少数派报告,https://movie.douban.com/subject/1297689/,2026-02-21,★★★★,看过,
极限审判,https://movie.douban.com/subject/36749573/,2026-02-21,★★,看过,
蜀山传,https://movie.douban.com/subject/1308338/,2026-02-20,★★,看过,
七剑,https://movie.douban.com/subject/1401205/,2026-02-20,★★★,看过,
恶魔之灵,https://movie.douban.com/subject/37089222/,2026-02-20,★★,看过,
密室逃生,https://movie.douban.com/subject/27109679/,2026-02-19,★★,看过,
惊变28年2：白骨圣殿,https://movie.douban.com/subject/36850893/,2026-02-18,★★,看过,
大开眼戒,https://movie.douban.com/subject/1300275/,2026-02-17,★★★★,看过,
新狂蟒之灾,https://movie.douban.com/subject/37014022/,2026-02-14,★,看过,
东北警察故事2,https://movie.douban.com/subject/35813934/,2026-02-10,★★★,看过,
东北警察故事,https://movie.douban.com/subject/35611465/,2026-02-10,★★,看过,
家弑服务,https://movie.douban.com/subject/36367195/,2026-02-10,★★★,看过,
恐怖买家,https://movie.douban.com/subject/35636069/,2026-02-08,★,看过,
梵蒂冈录像带,https://movie.douban.com/subject/4075567/,2026-02-03,★★,看过,
最后一次驱魔2,https://movie.douban.com/subject/19954796/,2026-02-02,★,看过,
最后一次驱魔,https://movie.douban.com/subject/3284768/,2026-02-01,★★★,看过,
回路,https://movie.douban.com/subject/1308561/,2026-01-28,★★★★,看过,
残秽，不可以住的房间,https://movie.douban.com/subject/26429849/,2026-01-27,★★★,看过,
苍蝇之母,https://movie.douban.com/subject/37346520/,2026-01-25,★★,看过,
人偶之家,https://movie.douban.com/subject/37134889/,2026-01-25,★★★★,看过,
黑伞人,https://movie.douban.com/subject/37484587/,2026-01-24,★★,看过,
恐怖素材3：凌晨三点,https://movie.douban.com/subject/35343777/,2026-01-22,★★,看过,
恐怖素材2：录像诅咒,https://movie.douban.com/subject/34957916/,2026-01-21,★★★,看过,
恐怖素材,https://movie.douban.com/subject/30280597/,2026-01-20,★★★,看过,
死亡直播,https://movie.douban.com/subject/35639406/,2026-01-20,★★★,看过,
还有明天,https://movie.douban.com/subject/36445098/,2026-01-18,★★★,看过,
怪奇物语 第五季,https://movie.douban.com/subject/35774681/,2026-01-14,★★,看过,
超自然,https://movie.douban.com/subject/3603389/,2026-01-10,★★★,看过,
近畿怪谈,https://movie.douban.com/subject/37155129/,2026-01-08,★★★,看过,
灵异咒,https://movie.douban.com/subject/1979068/,2026-01-07,★★★★,看过,
怪物,https://movie.douban.com/subject/35797709/,2026-01-06,★★★,看过,
TXQ FICTION 魔法少女山田,https://movie.douban.com/subject/37427218/,2026-01-05,★★★★★,看过,
TXQ FICTION 寻找石永菊江,https://movie.douban.com/subject/36881971/,2026-01-05,★★★★,看过,
TXQ FICTION 向饭沼一家谢罪,https://movie.douban.com/subject/36922717/,2026-01-04,★★★★,看过,
长安的荔枝,https://movie.douban.com/subject/36185502/,2025-12-22,★★★★,看过,
恶缘,https://movie.douban.com/subject/36544596/,2025-11-30,★★★,看过,
潜行者：禁区阴影,https://movie.douban.com/subject/36820904/,2025-11-27,★,看过,
寻踪迷镇,https://movie.douban.com/subject/35519019/,2025-11-20,★★★★,看过,
捕风追影,https://movie.douban.com/subject/36600459/,2025-11-17,★★★,看过,
8号出口,https://movie.douban.com/subject/37178027/,2025-11-15,★★★,看过,
战地青春：直击美国海军陆战队,https://movie.douban.com/subject/37667418/,2025-11-13,★★,看过,
致命弯道6：终极审判,https://movie.douban.com/subject/26022765/,2025-11-08,★★,看过,
致命弯道5：血族,https://movie.douban.com/subject/10774980/,2025-11-08,★★,看过,
致命弯道4：血腥起源,https://movie.douban.com/subject/6082517/,2025-11-06,★★,看过,
致命弯道3,https://movie.douban.com/subject/3148877/,2025-11-06,★★★,看过,
致命弯道2,https://movie.douban.com/subject/2032339/,2025-11-06,★★,看过,
致命弯道,https://movie.douban.com/subject/30352897/,2025-11-05,★★★,看过,
爱与怪物,https://movie.douban.com/subject/21349338/,2025-11-04,★★★,看过,
灵魂冲浪人,https://movie.douban.com/subject/4301274/,2025-11-04,★★★★,看过,
地心历险记2：神秘岛,https://movie.douban.com/subject/3606973/,2025-11-02,★★,看过,
地心历险记,https://movie.douban.com/subject/2037833/,2025-11-02,★★★,看过,
逃出白垩纪,https://movie.douban.com/subject/35197766/,2025-11-02,★★,看过,
终极名单：黑狼,https://movie.douban.com/subject/36235916/,2025-11-01,★★,看过,
烟火寻凶,https://movie.douban.com/subject/36189368/,2025-11-01,★★,看过,
流人 第五季,https://movie.douban.com/subject/36689815/,2025-11-01,★★★★★,看过,
军靴男孩,https://movie.douban.com/subject/36393709/,2025-11-01,★★★,看过,
荒境狂途 第一季,https://movie.douban.com/subject/36811158/,2025-10-30,★★★★,看过,
特别小组 第一季,https://movie.douban.com/subject/36439721/,2025-10-28,★★★★★,看过,
铁线虫入侵,https://movie.douban.com/subject/6839145/,2025-10-27,★★★,看过,
炸药屋,https://movie.douban.com/subject/36889911/,2025-10-27,★★★★,看过,
旧日噩梦,https://movie.douban.com/subject/4146762/,2025-10-22,★★★★,看过,
忌日快乐2,https://movie.douban.com/subject/30209818/,2025-10-19,★★★,看过,
忌日快乐,https://movie.douban.com/subject/27027913/,2025-10-18,★★★,看过,
祭屋出租,https://movie.douban.com/subject/36244313/,2025-10-18,★★,看过,
怪奇宅,https://movie.douban.com/subject/35477218/,2025-10-17,★★★,看过,
老师的恩惠,https://movie.douban.com/subject/2054070/,2025-10-16,★★★,看过,
昆池岩,https://movie.douban.com/subject/26945085/,2025-10-16,★★★,看过,
怪奇收割,https://movie.douban.com/subject/37045407/,2025-10-14,★★★,看过,
曼谷杀手,https://movie.douban.com/subject/1918224/,2025-10-13,★★,看过,
空中监狱,https://movie.douban.com/subject/1300618/,2025-10-13,★★★★,看过,
怪物：艾德·盖恩的故事,https://movie.douban.com/subject/36148972/,2025-10-08,★★,看过,
原始战争,https://movie.douban.com/subject/36831721/,2025-10-07,★★★,看过,
招魂4：终章,https://movie.douban.com/subject/36131988/,2025-10-07,★★,看过,
凡人修仙传：外海风云‎,https://movie.douban.com/subject/36923479/,2025-10-05,★★★★,看过,
凡人修仙传：初入星海,https://movie.douban.com/subject/36017435/,2025-10-02,★★★,看过,
凡人修仙传：再别天南,https://movie.douban.com/subject/35882624/,2025-10-02,★★★,看过,
凡人修仙传：魔道争锋,https://movie.douban.com/subject/35640039/,2025-10-02,★★★,看过,
凡人修仙传：燕家堡之战,https://movie.douban.com/subject/35259437/,2025-10-02,★★★,看过,
凡人修仙传：风起天南,https://movie.douban.com/subject/34925294/,2025-10-02,★★★,看过,
异形：地球 第一季,https://movie.douban.com/subject/35284531/,2025-09-24,★★,看过,
神奇4侠：初露锋芒,https://movie.douban.com/subject/34825559/,2025-09-24,★★★,看过,
一饭封神,https://movie.douban.com/subject/37364585/,2025-09-19,★★,看过,
731,https://movie.douban.com/subject/27605659/,2025-09-19,★,看过,
极限网红,https://movie.douban.com/subject/34889715/,2025-09-15,★,看过,
凶器,https://movie.douban.com/subject/36221247/,2025-09-10,★★★★,看过,
悬案解码 第一季,https://movie.douban.com/subject/36392949/,2025-09-08,★★★★,看过,
新·驯龙高手,https://movie.douban.com/subject/36247731/,2025-09-08,★★★,看过,
嗜血法医：杀魔复生 第一季,https://movie.douban.com/subject/36243809/,2025-09-06,★★★★,看过,
嗜血法医：源罪,https://movie.douban.com/subject/36235376/,2025-08-31,,看过,
维兰德档案：生日快乐！大卫,https://movie.douban.com/subject/27076853/,2025-08-23,★★★,看过,
大卫实验室的秘密：新的胚胎,https://movie.douban.com/subject/34966389/,2025-08-23,★★★★,看过,
异形：契约-番外：十字路口,https://movie.douban.com/subject/27070044/,2025-08-23,★★★★,看过,
同甘共苦,https://movie.douban.com/subject/36772728/,2025-08-17,★★★,看过,
超人,https://movie.douban.com/subject/36188176/,2025-08-17,★,看过,
变蚊人,https://movie.douban.com/subject/26474493/,2025-08-17,★★,看过,
哪吒之魔童闹海,https://movie.douban.com/subject/34780991/,2025-08-03,★★,看过,
扫毒风暴,https://movie.douban.com/subject/36721436/,2025-07-31,★★,看过,
复活她,https://movie.douban.com/subject/36876356/,2025-07-24,★★★,看过,
头文字D 最终季,https://movie.douban.com/subject/25769365/,2025-07-17,★★★★★,看过,
头文字D 第五季,https://movie.douban.com/subject/11589787/,2025-07-17,★★★★,看过,
头文字D 第四季,https://movie.douban.com/subject/1867425/,2025-07-17,★★★★★,看过,
头文字D  第三季(剧场版),https://movie.douban.com/subject/1867424/,2025-07-17,★★★★,看过,
头文字D 第二季,https://movie.douban.com/subject/1867421/,2025-07-17,★★★★★,看过,
头文字D 第一季,https://movie.douban.com/subject/1867420/,2025-07-17,★★★★★,看过,
黑洞表面,https://movie.douban.com/subject/1298041/,2025-07-08,★★★,看过,
侏罗纪世界：重生,https://movie.douban.com/subject/36743767/,2025-07-05,★★,看过,
雷霆特攻队*,https://movie.douban.com/subject/35927475/,2025-07-02,★★,看过,
F1：狂飙飞车,https://movie.douban.com/subject/35689244/,2025-06-29,★★★★,看过,
衰仔斗邪神,https://movie.douban.com/subject/36455397/,2025-06-27,★,看过,
黑帮领地 第一季,https://movie.douban.com/subject/37252183/,2025-06-09,★★,看过,
碟中谍8：最终清算,https://movie.douban.com/subject/30433456/,2025-06-02,★★,看过,
最后生还者 第二季,https://movie.douban.com/subject/36221305/,2025-05-30,★★,看过,
直到黎明,https://movie.douban.com/subject/36737061/,2025-05-26,★★,看过,
寻秘不老泉,https://movie.douban.com/subject/36305453/,2025-05-24,★★,看过,
全美缉凶：本·拉登,https://movie.douban.com/subject/37219601/,2025-05-21,★★★,看过,
死神来了：血脉诅咒,https://movie.douban.com/subject/30429388/,2025-05-21,★★★,看过,
拾荒者统治,https://movie.douban.com/subject/35932858/,2025-05-17,★★★★★,看过,
爱，死亡和机器人 第四季,https://movie.douban.com/subject/36056894/,2025-05-16,★,看过,
安多 第二季,https://movie.douban.com/subject/35914829/,2025-05-15,★★★★,看过,
撒旦的奴隶2,https://movie.douban.com/subject/35753435/,2025-05-08,★★★,看过,
撒旦的奴隶,https://movie.douban.com/subject/27166047/,2025-05-08,★★★,看过,
死亡占卜2：恶灵始源,https://movie.douban.com/subject/26602794/,2025-05-07,★★★,看过,
战·争,https://movie.douban.com/subject/36776989/,2025-05-07,★★★★,看过,
死亡占卜,https://movie.douban.com/subject/3014399/,2025-05-07,★★★,看过,
人皮客栈3,https://movie.douban.com/subject/3147969/,2025-05-04,★★,看过,
人皮客栈2,https://movie.douban.com/subject/1793571/,2025-05-04,★★★,看过,
永航员 第一季,https://movie.douban.com/subject/36467839/,2025-05-01,★★★,看过,
毒劫,https://movie.douban.com/subject/35367384/,2025-04-29,★★,看过,
紧锁,https://movie.douban.com/subject/36237132/,2025-04-24,★★,看过,
救命解药,https://movie.douban.com/subject/26363201/,2025-04-23,★★★★,看过,
人生切割术 第二季,https://movie.douban.com/subject/35783948/,2025-04-14,★★★,看过,
编号17,https://movie.douban.com/subject/34429795/,2025-04-14,★★★,看过,
首尔之春,https://movie.douban.com/subject/35712804/,2025-04-13,★★★,看过,
向山海出发,https://movie.douban.com/subject/36471547/,2025-04-13,★★,看过,
黑镜 第七季,https://movie.douban.com/subject/36653963/,2025-04-12,★★★,看过,
侠探杰克 第三季,https://movie.douban.com/subject/36670568/,2025-03-29,★★★,看过,
沸点,https://movie.douban.com/subject/34981294/,2025-03-27,★★★,看过,
怪猴,https://movie.douban.com/subject/36402080/,2025-03-27,★★,看过,
独自赴死,https://movie.douban.com/subject/36236098/,2025-03-22,★★,看过,
过去的事,https://movie.douban.com/subject/36456911/,2025-03-19,★★,看过,
混沌少年时 第一季,https://movie.douban.com/subject/36820950/,2025-03-17,★★★,看过,
匹兹堡医护前线 第一季,https://movie.douban.com/subject/36831851/,2025-03-12,★★★,看过,
美国队长4,https://movie.douban.com/subject/35443158/,2025-03-11,★★,看过,
猫猫的奇幻漂流,https://movie.douban.com/subject/35603727/,2025-03-05,★★★,看过,
阿诺拉,https://movie.douban.com/subject/36195543/,2025-03-04,★★★,看过,
企鹅人 第一季,https://movie.douban.com/subject/35604181/,2025-02-28,★★★,看过,
怪形前传,https://movie.douban.com/subject/3097525/,2025-02-28,★★,看过,
神奇动物：邓布利多之谜,https://movie.douban.com/subject/26147418/,2025-02-19,★★★,看过,
战略特勤组,https://movie.douban.com/subject/2275370/,2025-02-16,★★★★,看过,
满城尽带黄金甲,https://movie.douban.com/subject/1499008/,2025-02-16,★★,看过,
狮子王,https://movie.douban.com/subject/26884354/,2025-02-16,★★★,看过,
倚天屠龙记之魔教教主,https://movie.douban.com/subject/1299059/,2025-02-16,★★★★,看过,
食神,https://movie.douban.com/subject/1293351/,2025-02-16,★★★,看过,
神话,https://movie.douban.com/subject/1307023/,2025-02-16,★★★,看过,
新警察故事,https://movie.douban.com/subject/1306160/,2025-02-16,★★★,看过,
英雄,https://movie.douban.com/subject/1306123/,2025-02-16,★★★,看过,
汉江怪物,https://movie.douban.com/subject/1763134/,2025-02-16,★★★,看过,
玩具总动员2,https://movie.douban.com/subject/1291574/,2025-02-16,★★★★,看过,
峡谷,https://movie.douban.com/subject/35295339/,2025-02-16,★★★★,看过,
居家男人,https://movie.douban.com/subject/1301886/,2025-02-12,★★★,看过,
星球大战：骨干小队,https://movie.douban.com/subject/35914830/,2025-02-09,★★★,看过,
恋爱假期,https://movie.douban.com/subject/1498831/,2025-02-06,★★★,看过,
婚姻生活,https://movie.douban.com/subject/35136700/,2025-02-05,★★★★,看过,
误判,https://movie.douban.com/subject/36401937/,2025-02-02,★★,看过,
异教徒,https://movie.douban.com/subject/36439490/,2025-01-31,★★★,看过,
白蛇：浮生,https://movie.douban.com/subject/36463483/,2025-01-30,★★★,看过,
好东西,https://movie.douban.com/subject/36154853/,2025-01-25,★,看过,
鳄鱼波鞋走天涯,https://movie.douban.com/subject/1301811/,2025-01-12,★★★★,看过,
因果报应,https://movie.douban.com/subject/36934908/,2025-01-04,★★★★,看过,
某种物质,https://movie.douban.com/subject/35882838/,2024-12-31,★★★★,看过,
花儿与少年 第二季,https://movie.douban.com/subject/26261188/,2024-12-23,★★★,看过,
花儿与少年·丝路季,https://movie.douban.com/subject/36247293/,2024-12-22,★★★★,看过,
豺狼的日子 第一季,https://movie.douban.com/subject/36323224/,2024-12-14,★★★★,看过,
黑鸽 第一季,https://movie.douban.com/subject/36392930/,2024-12-11,★★,看过,
鲭鱼罐头,https://movie.douban.com/subject/35700910/,2024-12-07,★★★★,看过,
白夜破晓,https://movie.douban.com/subject/27140256/,2024-12-07,★★,看过,
晒后假日,https://movie.douban.com/subject/35876302/,2024-12-05,★★★★,看过,
鱼之子,https://movie.douban.com/subject/35797506/,2024-12-05,★★★★,看过,
完美的日子,https://movie.douban.com/subject/35902857/,2024-12-04,★★★★,看过,
留校联盟,https://movie.douban.com/subject/35496212/,2024-12-04,★★★★,看过,
流人 第四季,https://movie.douban.com/subject/35918977/,2024-11-26,★★★★,看过,
偷天换日,https://movie.douban.com/subject/1301345/,2024-11-24,,看过,
傲骨贤妻 第七季,https://movie.douban.com/subject/26387804/,2024-11-22,★★★★,看过,
傲骨贤妻 第六季,https://movie.douban.com/subject/25846032/,2024-11-18,★★★★,看过,
傲骨贤妻 第五季,https://movie.douban.com/subject/23055586/,2024-11-18,★★★★★,看过,
傲骨贤妻 第四季,https://movie.douban.com/subject/10549253/,2024-11-18,★★★★,看过,
傲骨贤妻 第三季,https://movie.douban.com/subject/6126439/,2024-11-18,★★★★,看过,
傲骨贤妻  第二季,https://movie.douban.com/subject/5028366/,2024-11-18,★★★★,看过,
傲骨贤妻 第一季,https://movie.douban.com/subject/3754368/,2024-11-18,★★★★,看过,
疯狂的麦克斯：狂暴女神,https://movie.douban.com/subject/34996127/,2024-10-07,★★★,看过,
死侍与金刚狼,https://movie.douban.com/subject/26957900/,2024-10-06,★★,看过,
逆行人生,https://movie.douban.com/subject/36774001/,2024-10-05,★,看过,
异形：夺命舰,https://movie.douban.com/subject/35792500/,2024-10-05,★★★★,看过,
硅谷 第六季,https://movie.douban.com/subject/30194648/,2024-09-23,★★★★★,看过,
硅谷 第五季,https://movie.douban.com/subject/27055699/,2024-09-22,★★★★,看过,
硅谷 第四季,https://movie.douban.com/subject/26776807/,2024-09-22,★★★★,看过,
硅谷 第三季,https://movie.douban.com/subject/26366492/,2024-09-22,★★★★,看过,
硅谷 第二季,https://movie.douban.com/subject/25871679/,2024-09-22,★★★★,看过,
硅谷 第一季,https://movie.douban.com/subject/20644938/,2024-09-18,★★★★,看过,
疼痛难免,https://movie.douban.com/subject/30267255/,2024-09-17,★★★★,看过,
鬼打墙,https://movie.douban.com/subject/10466341/,2024-09-16,★★★,看过,
流人 第三季,https://movie.douban.com/subject/35918976/,2024-09-16,★★★★,看过,
流人 第二季,https://movie.douban.com/subject/35356697/,2024-09-14,★★★★,看过,
流人 第一季,https://movie.douban.com/subject/34890017/,2024-09-14,★★★★,看过,
黑袍纠察队 第四季,https://movie.douban.com/subject/35926862/,2024-09-08,★★★,看过,
喜人奇妙夜,https://movie.douban.com/subject/36540857/,2024-09-07,★★★,看过,
遗弃之地,https://movie.douban.com/subject/35751604/,2024-09-04,★★,看过,
凶兆,https://movie.douban.com/subject/1296360/,2024-09-03,★★★,看过,
异度空间,https://movie.douban.com/subject/1303184/,2024-09-01,★★★,看过,
小镇幽浮,https://movie.douban.com/subject/36161478/,2024-09-01,★★★★,看过,
龙之家族 第二季,https://movie.douban.com/subject/36073279/,2024-08-19,★★★,看过,
龙卷风,https://movie.douban.com/subject/35118955/,2024-08-18,★★★,看过,
诡丝,https://movie.douban.com/subject/1780168/,2024-07-30,★★★★,看过,
2024年第33届巴黎奥运会开幕式,https://movie.douban.com/subject/35562714/,2024-07-28,★★,看过,
尸忆,https://movie.douban.com/subject/26373154/,2024-07-22,★★★,看过,
人生复本 第一季,https://movie.douban.com/subject/35819414/,2024-07-10,★★★★,看过,
九龙城寨之围城,https://movie.douban.com/subject/24284175/,2024-06-25,★,看过,
凶兆前传,https://movie.douban.com/subject/26783008/,2024-06-17,★★★,看过,
仪式,https://movie.douban.com/subject/2998340/,2024-06-03,★★,看过,
喧嚣,https://movie.douban.com/subject/36271394/,2024-05-25,★★,看过,
谜探休格 第一季,https://movie.douban.com/subject/35709649/,2024-05-20,★★★,看过,
基地 第二季,https://movie.douban.com/subject/35617689/,2024-05-14,★★★,看过,
基地 第一季,https://movie.douban.com/subject/3161109/,2024-05-08,★★★★,看过,
山村老尸,https://movie.douban.com/subject/1305114/,2024-05-05,,看过,
暴力史,https://movie.douban.com/subject/1422917/,2024-05-05,,看过,
从邪恶中拯救我,https://movie.douban.com/subject/30425219/,2024-05-04,★★★,看过,
飞驰人生2,https://movie.douban.com/subject/36369452/,2024-05-03,★★★,看过,
寂静之地2,https://movie.douban.com/subject/30206311/,2024-05-02,★★,看过,
哥斯拉-1.0,https://movie.douban.com/subject/35914398/,2024-05-01,★★★,看过,
女巫,https://movie.douban.com/subject/26276364/,2024-04-29,,看过,
尸咒,https://movie.douban.com/subject/35622456/,2024-04-29,★,看过,
害虫,https://movie.douban.com/subject/36396324/,2024-04-28,★,看过,
见鬼,https://movie.douban.com/subject/1296026/,2024-04-26,★★★,看过,
双瞳,https://movie.douban.com/subject/1305046/,2024-04-25,★★★★★,看过,
魔鬼深夜秀,https://movie.douban.com/subject/36068379/,2024-04-24,★★,看过,
破墓,https://movie.douban.com/subject/35490167/,2024-04-23,★★★★,看过,
雷普利,https://movie.douban.com/subject/26415434/,2024-04-23,★★★,看过,
辐射 第一季,https://movie.douban.com/subject/35128081/,2024-04-21,★★★,看过,
停尸房收藏,https://movie.douban.com/subject/30257386/,2024-04-20,,看过,
拉卡,https://movie.douban.com/subject/27064729/,2024-04-18,★★★,看过,
合子异种,https://movie.douban.com/subject/27080387/,2024-04-18,★★★,看过,
海豹突击队 第六季,https://movie.douban.com/subject/35760435/,2024-04-10,★★★★,看过,
海豹突击队 第五季,https://movie.douban.com/subject/35467045/,2024-04-09,★★★★,看过,
海豹突击队 第四季,https://movie.douban.com/subject/35060150/,2024-04-09,★★★★,看过,
诸神之怒,https://movie.douban.com/subject/4824515/,2024-04-05,★★★,看过,
午夜弥撒,https://movie.douban.com/subject/34453116/,2024-04-01,★★★★,看过,
哥斯拉大战金刚2：帝国崛起,https://movie.douban.com/subject/35453251/,2024-03-30,★★★,看过,
速度与激情3：东京漂移,https://movie.douban.com/subject/1652618/,2024-03-30,,看过,
速度与激情2,https://movie.douban.com/subject/1307442/,2024-03-30,,看过,
速度与激情,https://movie.douban.com/subject/1304899/,2024-03-30,,看过,
群星,https://movie.douban.com/subject/35861910/,2024-03-27,★★★★,看过,
相对宇宙 第二季,https://movie.douban.com/subject/30188053/,2024-03-27,★★★★,看过,
相对宇宙 第一季,https://movie.douban.com/subject/26474254/,2024-03-27,★★★,看过,
帝王计划：怪兽遗产 第一季,https://movie.douban.com/subject/35745750/,2024-03-26,★★,看过,
新威龙杀阵,https://movie.douban.com/subject/26608246/,2024-03-23,★★,看过,
地球停转之日,https://movie.douban.com/subject/2225321/,2024-03-23,★★,看过,
极地恶灵 第一季,https://movie.douban.com/subject/24722767/,2024-03-18,★★★★★,看过,
热辣滚烫,https://movie.douban.com/subject/36081094/,2024-03-18,★,看过,
沙丘2,https://movie.douban.com/subject/35575567/,2024-03-16,★★★,看过,
周处除三害,https://movie.douban.com/subject/36151692/,2024-03-12,★★★,看过,
三大队,https://movie.douban.com/subject/35208463/,2024-02-29,,看过,
怪形,https://movie.douban.com/subject/1296794/,2024-02-27,★★★★,看过,
真探 第四季,https://movie.douban.com/subject/35809047/,2024-02-23,★★,看过,
年会不能停！,https://movie.douban.com/subject/35725869/,2024-02-20,★★★★,看过,
先见之明 第二季,https://movie.douban.com/subject/26971159/,2024-02-18,★★★★★,看过,
先见之明 第一季,https://movie.douban.com/subject/26727307/,2024-02-16,★★★,看过,
飞驰人生,https://movie.douban.com/subject/30163509/,2024-02-13,★,看过,
侠探杰克 第二季,https://movie.douban.com/subject/35763119/,2024-02-01,★★★,看过,
殉难者,https://movie.douban.com/subject/3012009/,2024-01-28,★★★,看过,
惊奇队长2,https://movie.douban.com/subject/34678231/,2024-01-18,★★,看过,
捉迷藏,https://movie.douban.com/subject/1308995/,2024-01-14,★★★★,看过,
为全人类 第四季,https://movie.douban.com/subject/36012300/,2024-01-13,★★★★★,看过,
三大队,https://movie.douban.com/subject/36178641/,2024-01-11,★★★,看过,
神秘感染：第二阶段,https://movie.douban.com/subject/26576551/,2023-12-27,★★★,看过,
神秘感染,https://movie.douban.com/subject/21348112/,2023-12-27,★★★,看过,
鬼庄园,https://movie.douban.com/subject/30442447/,2023-12-23,★★,看过,
银河护卫队3,https://movie.douban.com/subject/26258779/,2023-12-17,,看过,
洛基 第二季,https://movie.douban.com/subject/35244032/,2023-12-13,★★★★,看过,
洛基 第一季,https://movie.douban.com/subject/30331432/,2023-12-13,★★★★,看过,
人皮客栈,https://movie.douban.com/subject/1456197/,2023-12-07,★★★,看过,
致命弯道,https://movie.douban.com/subject/1303847/,2023-12-07,★★,看过,
走到尽头,https://movie.douban.com/subject/36171368/,2023-12-03,★★,看过,
V世代 第一季,https://movie.douban.com/subject/35211473/,2023-11-19,★★★,看过,
冰血暴 第一季,https://movie.douban.com/subject/24297912/,2023-11-18,★★★,看过,
生吃,https://movie.douban.com/subject/26653833/,2023-11-13,★★★,看过,
恩菲尔德灵异事件,https://movie.douban.com/subject/36155694/,2023-10-29,★★,看过,
入侵 第二季,https://movie.douban.com/subject/35693586/,2023-10-29,★★,看过,
电锯惊魂10,https://movie.douban.com/subject/36116844/,2023-10-23,★★★,看过,
伸冤人,https://movie.douban.com/subject/3012013/,2023-10-20,★★★,看过,
末日地堡 第一季,https://movie.douban.com/subject/35468745/,2023-10-10,★★★★,看过,
入侵 第一季,https://movie.douban.com/subject/35196748/,2023-10-05,★★★,看过,
修女2,https://movie.douban.com/subject/33406478/,2023-10-05,★★★,看过,
碟中谍7：致命清算,https://movie.douban.com/subject/30433455/,2023-10-05,★★★,看过,
鹊刀门传奇,https://movie.douban.com/subject/35936087/,2023-09-28,★★★,看过,
孤立无援,https://movie.douban.com/subject/36133787/,2023-09-23,,看过,
封神第一部：朝歌风云,https://movie.douban.com/subject/10604086/,2023-09-21,★★,看过,
奥本海默,https://movie.douban.com/subject/35593344/,2023-09-17,★★★★★,看过,
回应我,https://movie.douban.com/subject/36065691/,2023-09-16,★★,看过,
神秘河,https://movie.douban.com/subject/1307748/,2023-09-12,★★★★★,看过,
西线无战事,https://movie.douban.com/subject/3042261/,2023-09-07,★★★★★,看过,
夺宝奇兵5：命运转盘,https://movie.douban.com/subject/3819860/,2023-09-03,★★★,看过,
柜魔,https://movie.douban.com/subject/30258623/,2023-08-31,★★★,看过,
地狱尖兵,https://movie.douban.com/subject/36118263/,2023-08-28,,看过,
盟约,https://movie.douban.com/subject/35722688/,2023-08-27,★★★,看过,
惊天营救2,https://movie.douban.com/subject/35056376/,2023-08-27,★★★,看过,
巨齿鲨2：深渊,https://movie.douban.com/subject/34882958/,2023-08-26,★,看过,
仲夏夜惊魂,https://movie.douban.com/subject/30288638/,2023-08-18,★★★,看过,
禁忌 第一季,https://movie.douban.com/subject/25905650/,2023-08-14,★★★★,看过,
驱魔人,https://movie.douban.com/subject/1293755/,2023-08-09,★★★★,看过,
阴声,https://movie.douban.com/subject/35161323/,2023-08-06,★★★,看过,
鬼玩人崛起,https://movie.douban.com/subject/35410042/,2023-08-05,★★★,看过,
致命录像带94,https://movie.douban.com/subject/35116325/,2023-08-05,★★★,看过,
潜伏5：红门,https://movie.douban.com/subject/34902394/,2023-08-03,★★★,看过,
惊天营救,https://movie.douban.com/subject/30314127/,2023-07-30,★★★,看过,
闪电侠,https://movie.douban.com/subject/3011317/,2023-07-30,★★,看过,
速度与激情10,https://movie.douban.com/subject/26631790/,2023-07-06,★★★,看过,
斗罗大陆1 第一季,https://movie.douban.com/subject/27040807/,2023-07-01,,看过,
黑镜 第六季,https://movie.douban.com/subject/35901863/,2023-07-01,★★,看过,
康斯坦丁,https://movie.douban.com/subject/1309021/,2023-05-30,★★,看过,
驱魔人 第二季,https://movie.douban.com/subject/27043035/,2023-05-29,★★★,看过,
驱魔人 第一季,https://movie.douban.com/subject/26715591/,2023-05-29,★★★,看过,
驱魔人前传,https://movie.douban.com/subject/1303237/,2023-05-18,★★★,看过,
教皇的驱魔人,https://movie.douban.com/subject/35296269/,2023-05-17,★★★★,看过,
夺命公寓,https://movie.douban.com/subject/34457952/,2023-05-09,★★,看过,
夺魂连线,https://movie.douban.com/subject/35161256/,2023-05-08,★★★,看过,
鬼影实录：血亲,https://movie.douban.com/subject/34884170/,2023-05-08,★★,看过,
鬼影实录：诅咒,https://movie.douban.com/subject/20506382/,2023-05-07,★★,看过,
鬼影实录5：鬼次元,https://movie.douban.com/subject/25757716/,2023-05-06,★★★★,看过,
心中的恶魔,https://movie.douban.com/subject/5159495/,2023-05-05,★★★★,看过,
浮沉,https://movie.douban.com/subject/6801448/,2023-05-04,★★★,看过,
太平间闹鬼事件,https://movie.douban.com/subject/2252775/,2023-05-03,★★★,看过,
漫长的季节,https://movie.douban.com/subject/35588177/,2023-05-02,★★★★★,看过,
耳朵大有福,https://movie.douban.com/subject/2272222/,2023-04-26,★★★★,看过,
驱魔,https://movie.douban.com/subject/1436846/,2023-04-25,★★★★,看过,
蚁人与黄蜂女：量子狂潮,https://movie.douban.com/subject/34610636/,2023-04-25,,看过,
附身,https://movie.douban.com/subject/10744976/,2023-04-25,★★,看过,
鬼遮眼,https://movie.douban.com/subject/20501030/,2023-04-24,★★★,看过,
藏品,https://movie.douban.com/subject/6021917/,2023-04-24,★★★,看过,
夜魔,https://movie.douban.com/subject/2252778/,2023-04-24,★★★,看过,
险恶,https://movie.douban.com/subject/6875615/,2023-04-23,★★★★,看过,
净化之时,https://movie.douban.com/subject/30257608/,2023-04-22,★★,看过,
地下墓穴,https://movie.douban.com/subject/25821124/,2023-04-22,★★★★,看过,
墓地邂逅2,https://movie.douban.com/subject/14321432/,2023-04-17,★★★,看过,
墓地邂逅,https://movie.douban.com/subject/5384590/,2023-04-16,★★★★,看过,
流浪地球2,https://movie.douban.com/subject/35267208/,2023-04-15,★★,看过,
阿凡达：水之道,https://movie.douban.com/subject/4811774/,2023-03-30,★★,看过,
潜伏4：锁命亡灵,https://movie.douban.com/subject/26794994/,2023-03-19,★★,看过,
皇家马德里：直到终点,https://movie.douban.com/subject/36288473/,2023-03-16,★★★,看过,
最后生还者 第一季,https://movie.douban.com/subject/25848328/,2023-03-13,★★★★★,看过,
2022年卡塔尔世界杯,https://movie.douban.com/subject/35580096/,2023-03-13,★★★★★,看过,
潜伏3,https://movie.douban.com/subject/25728008/,2023-03-13,★★,看过,
黑暗荣耀 第二季,https://movie.douban.com/subject/36193784/,2023-03-12,★★★,看过,
网络谜踪2,https://movie.douban.com/subject/34795100/,2023-03-10,★★★★,看过,
飞机陷落,https://movie.douban.com/subject/34888000/,2023-02-19,★★,看过,
狂飙,https://movie.douban.com/subject/35465232/,2023-02-12,★★★,看过,
黑豹2,https://movie.douban.com/subject/30167997/,2023-02-05,★,看过,
三体,https://movie.douban.com/subject/26647087/,2023-02-04,★★★,看过,
目中无人,https://movie.douban.com/subject/35295405/,2023-01-15,★★★,看过,
深渊,https://movie.douban.com/subject/1299560/,2023-01-09,★★★★★,看过,
黑暗荣耀,https://movie.douban.com/subject/35314632/,2023-01-08,★★★,看过,
淡蓝之眸,https://movie.douban.com/subject/35382472/,2023-01-07,★★★,看过,
菜单,https://movie.douban.com/subject/30455615/,2023-01-03,★★,看过,
真相捕捉 第二季,https://movie.douban.com/subject/35088783/,2023-01-03,★★★★★,看过,
安多 第一季,https://movie.douban.com/subject/30376895/,2023-01-02,★★★★,看过,
县委大院,https://movie.douban.com/subject/35613241/,2022-12-16,★★,看过,
边缘世界,https://movie.douban.com/subject/30198955/,2022-12-12,,看过,
1899,https://movie.douban.com/subject/30378843/,2022-12-12,,看过,
黑亚当,https://movie.douban.com/subject/26959697/,2022-11-29,★★,看过,
危笑,https://movie.douban.com/subject/35779959/,2022-11-12,★★,看过,
万神殿 第一季,https://movie.douban.com/subject/34990593/,2022-11-06,★★★★,看过,
断魂小丑2,https://movie.douban.com/subject/34816877/,2022-10-29,★★★,看过,
龙之家族 第一季,https://movie.douban.com/subject/34825964/,2022-10-25,★★★,看过,
潜伏,https://movie.douban.com/subject/3314870/,2022-10-21,★★★★,看过,
昆仑神宫,https://movie.douban.com/subject/35095038/,2022-10-20,★★,看过,
子弹列车,https://movie.douban.com/subject/35118954/,2022-10-06,,看过,
全职,https://movie.douban.com/subject/35338562/,2022-09-19,★★★,看过,
赛博朋克：边缘行者 第一季,https://movie.douban.com/subject/35118256/,2022-09-17,,看过,
官方机密,https://movie.douban.com/subject/26718799/,2022-09-12,★★★★,看过,
雷神4：爱与雷霆,https://movie.douban.com/subject/34477861/,2022-09-09,★,看过,
隐入尘烟,https://movie.douban.com/subject/35131346/,2022-09-06,★★★★,看过,
不,https://movie.douban.com/subject/35240235/,2022-09-05,★★,看过,
壮志凌云2：独行侠,https://movie.douban.com/subject/6893932/,2022-08-17,★★★★★,看过,
分手的决心,https://movie.douban.com/subject/35073886/,2022-08-14,★★,看过,
为全人类 第三季,https://movie.douban.com/subject/35282083/,2022-08-14,★★,看过,
十三条命,https://movie.douban.com/subject/35056243/,2022-08-13,★★★★,看过,
双峰 第一季,https://movie.douban.com/subject/1295526/,2022-08-11,,看过,
灰影人,https://movie.douban.com/subject/7051806/,2022-07-31,★★★,看过,
国土安全 第八季,https://movie.douban.com/subject/26854276/,2022-07-29,★★★★★,看过,
国土安全 第七季,https://movie.douban.com/subject/26854273/,2022-07-28,★★★★★,看过,
国土安全 第六季,https://movie.douban.com/subject/26684329/,2022-07-25,★★★★,看过,
国土安全 第五季,https://movie.douban.com/subject/26258113/,2022-07-18,★★★★,看过,
光年正传,https://movie.douban.com/subject/35284168/,2022-07-16,★★★,看过,
在京都小住,https://movie.douban.com/subject/34906732/,2022-07-12,★★★,看过,
夺宝奇兵3,https://movie.douban.com/subject/1293471/,2022-07-11,★★★★,看过,
谁是超级英雄,https://movie.douban.com/subject/35212079/,2022-07-10,★★,看过,
海兽猎人,https://movie.douban.com/subject/33418682/,2022-07-10,★★★,看过,
咒,https://movie.douban.com/subject/34850561/,2022-07-09,★★★,看过,
黑袍纠察队 第三季,https://movie.douban.com/subject/35154050/,2022-07-08,★★★★,看过,
终极名单 第一季,https://movie.douban.com/subject/34963448/,2022-07-06,★★★★★,看过,
怪奇物语 第四季,https://movie.douban.com/subject/27194292/,2022-07-03,★★★★,看过,
欧比旺,https://movie.douban.com/subject/27668664/,2022-06-25,★★,看过,
奇异博士2：疯狂多元宇宙,https://movie.douban.com/subject/30304994/,2022-06-24,★★★,看过,
必胜球探,https://movie.douban.com/subject/35073914/,2022-06-15,★★★,看过,
怪奇物语 第三季,https://movie.douban.com/subject/27119156/,2022-06-11,★★★★,看过,
侏罗纪世界3,https://movie.douban.com/subject/26873582/,2022-06-11,★★★,看过,
怪奇物语 第二季,https://movie.douban.com/subject/26844438/,2022-06-10,★★★★,看过,
怪奇物语 第一季,https://movie.douban.com/subject/26359270/,2022-06-08,★★★★,看过,
终极拦截,https://movie.douban.com/subject/35389123/,2022-06-07,★,看过,
闪亮女孩,https://movie.douban.com/subject/25930137/,2022-06-04,★★★★,看过,
夺宝奇兵2,https://movie.douban.com/subject/1301434/,2022-05-22,★★★,看过,
爱，死亡和机器人 第二季,https://movie.douban.com/subject/34418203/,2022-05-21,★★★,看过,
爱，死亡和机器人 第一季,https://movie.douban.com/subject/30424374/,2022-05-21,★★★★,看过,
爱，死亡和机器人 第三季,https://movie.douban.com/subject/35436582/,2022-05-21,★★★★,看过,
黑袍纠察队 第二季,https://movie.douban.com/subject/34626347/,2022-05-19,★★★★,看过,
瞬息全宇宙,https://movie.douban.com/subject/30314848/,2022-05-18,★★★,看过,
断裂,https://movie.douban.com/subject/30366084/,2022-05-16,★★★,看过,
暗夜博士：莫比亚斯,https://movie.douban.com/subject/27199850/,2022-05-15,★★,看过,
荒野迷案 第一季,https://movie.douban.com/subject/34951110/,2022-05-10,★★★★,看过,
月光骑士,https://movie.douban.com/subject/26358318/,2022-05-04,★★★★,看过,
人生切割术 第一季,https://movie.douban.com/subject/34885342/,2022-05-03,★★★★,看过,
夺宝奇兵,https://movie.douban.com/subject/1296717/,2022-04-22,★★★,看过,
新闻编辑室 第三季,https://movie.douban.com/subject/25719291/,2022-04-17,★★★★★,看过,
新闻编辑室 第二季,https://movie.douban.com/subject/10867124/,2022-04-16,★★★★★,看过,
新闻编辑室 第一季,https://movie.douban.com/subject/6142597/,2022-04-16,★★★★★,看过,
黑匣子,https://movie.douban.com/subject/34953719/,2022-04-10,★★★,看过,
新蝙蝠侠,https://movie.douban.com/subject/6424756/,2022-04-04,★★★,看过,
月球陨落,https://movie.douban.com/subject/26825482/,2022-04-04,★★★,看过,
天气预报员,https://movie.douban.com/subject/1309054/,2022-04-04,★★★,看过,
破裂,https://movie.douban.com/subject/35212085/,2022-04-03,,看过,
美味奇缘,https://movie.douban.com/subject/34954371/,2022-04-03,★★★★,看过,
史蒂夫·乔布斯,https://movie.douban.com/subject/25850443/,2022-03-31,★★,看过,
斯诺登,https://movie.douban.com/subject/25900819/,2022-03-31,★★★★,看过,
勇往直前,https://movie.douban.com/subject/26718828/,2022-03-29,★★★★,看过,
惊涛大冒险,https://movie.douban.com/subject/1507158/,2022-03-29,★★★★,看过,
健听女孩,https://movie.douban.com/subject/35048413/,2022-03-28,★★★★,看过,
传染病,https://movie.douban.com/subject/4301043/,2022-03-28,★★★,看过,
狙击手,https://movie.douban.com/subject/35215390/,2022-03-27,★★★,看过,
天际浩劫,https://movie.douban.com/subject/4919019/,2022-03-26,★★,看过,
深空失忆,https://movie.douban.com/subject/3011617/,2022-03-24,★★★,看过,
老友记重聚特辑,https://movie.douban.com/subject/34908189/,2022-03-21,★★★★,看过,
老友记 第十季,https://movie.douban.com/subject/3286552/,2022-03-21,★★★★★,看过,
老友记  第九季,https://movie.douban.com/subject/3286549/,2022-03-19,★★★★★,看过,
老友记  第八季,https://movie.douban.com/subject/3286548/,2022-03-15,★★★★★,看过,
老友记  第七季,https://movie.douban.com/subject/3286547/,2022-03-13,★★★★★,看过,
亚当计划,https://movie.douban.com/subject/34970181/,2022-03-13,★★,看过,
蜘蛛侠：英雄无归,https://movie.douban.com/subject/26933210/,2022-03-12,★★★,看过,
老友记  第六季,https://movie.douban.com/subject/3286543/,2022-03-02,★★★★★,看过,
老友记  第五季,https://movie.douban.com/subject/3286538/,2022-02-28,★★★★★,看过,
老友记  第四季,https://movie.douban.com/subject/3286536/,2022-02-28,★★★★★,看过,
老友记  第三季,https://movie.douban.com/subject/3286531/,2022-02-22,★★★★★,看过,
无敌少侠 第一季,https://movie.douban.com/subject/30252970/,2022-02-19,★★★,看过,
老友记 第二季,https://movie.douban.com/subject/3286528/,2022-02-18,★★★★★,看过,
古董局中局,https://movie.douban.com/subject/26996619/,2022-02-16,★★,看过,
老友记 第一季,https://movie.douban.com/subject/1393859/,2022-02-15,★★★★★,看过,
解禁男女,https://movie.douban.com/subject/35241052/,2022-02-12,★,看过,
倚天屠龙记之九阳神功,https://movie.douban.com/subject/27173227/,2022-02-12,★,看过,
倚天屠龙记之圣火雄风,https://movie.douban.com/subject/35725825/,2022-02-10,★,看过,
驾驶我的车,https://movie.douban.com/subject/35235502/,2022-02-09,★★,看过,
偶然与想象,https://movie.douban.com/subject/35360296/,2022-02-07,,看过,
前哨,https://movie.douban.com/subject/30212622/,2022-02-06,★★★,看过,
侠探杰克 第一季,https://movie.douban.com/subject/30378897/,2022-02-06,★★★★,看过,
天鹅挽歌,https://movie.douban.com/subject/35258381/,2022-02-03,★★★,看过,
后宫·甄嬛传,https://movie.douban.com/subject/4922787/,2022-01-31,,看过,
爱情神话,https://movie.douban.com/subject/35376457/,2022-01-29,★★★★,看过,
成瘾剂量,https://movie.douban.com/subject/35101436/,2022-01-20,★★★★★,看过,
81号档案,https://movie.douban.com/subject/35235638/,2022-01-16,★★★★,看过,
嗜血法医：杀魔新生,https://movie.douban.com/subject/35225519/,2022-01-11,★★★,看过,
一年一度喜剧大赛,https://movie.douban.com/subject/35467072/,2022-01-10,★★★,看过,
说来有点可笑,https://movie.douban.com/subject/3269018/,2022-01-10,★★★,看过,
哈利·波特20周年：回到霍格沃茨,https://movie.douban.com/subject/35663020/,2022-01-04,★★★★,看过,
真爱至上：红鼻子日特别集,https://movie.douban.com/subject/26976235/,2022-01-04,,看过,
你好，李焕英,https://movie.douban.com/subject/34841067/,2022-01-02,★★★,看过,
古董局中局,https://movie.douban.com/subject/26675617/,2021-12-31,★,看过,
黑客帝国：矩阵重启,https://movie.douban.com/subject/34801038/,2021-12-26,★★★,看过,
不要抬头,https://movie.douban.com/subject/34884712/,2021-12-26,★★★★,看过,
大宅门,https://movie.douban.com/subject/2181930/,2021-12-26,★★★,看过,
木乃伊,https://movie.douban.com/subject/1295229/,2021-12-25,,看过,
花束般的恋爱,https://movie.douban.com/subject/34874432/,2021-12-23,★★★★,看过,
怒火·重案,https://movie.douban.com/subject/30174085/,2021-12-18,★★,看过,
红色通缉令,https://movie.douban.com/subject/30143331/,2021-12-12,★★,看过,
007：无暇赴死,https://movie.douban.com/subject/20276229/,2021-12-12,★★,看过,
疾速追杀3,https://movie.douban.com/subject/26909790/,2021-12-06,★★★,看过,
圣诞快乐,https://movie.douban.com/subject/1438584/,2021-12-05,★★★★,看过,
当家主母,https://movie.douban.com/subject/33442332/,2021-12-01,★,看过,
台北故宫,https://movie.douban.com/subject/3420669/,2021-11-30,★★★★,看过,
疾速追杀2,https://movie.douban.com/subject/26333560/,2021-11-21,★★★,看过,
美好的世界,https://movie.douban.com/subject/34863472/,2021-11-21,★★★★,看过,
粘在一起的隔离,https://movie.douban.com/subject/35390972/,2021-11-14,★★★,看过,
尚气与十环传奇,https://movie.douban.com/subject/30394797/,2021-11-14,★★,看过,
芬奇,https://movie.douban.com/subject/26897885/,2021-11-08,,看过,
再见爱人 第一季,https://movie.douban.com/subject/35438177/,2021-10-31,★★★,看过,
鱿鱼游戏 第一季,https://movie.douban.com/subject/34812928/,2021-10-25,★★★,看过,
沙丘,https://movie.douban.com/subject/3001114/,2021-10-22,★★★★,看过,
乐队的夏天 第一季,https://movie.douban.com/subject/30357990/,2021-10-16,★★★★,看过,
恐袭波士顿,https://movie.douban.com/subject/26357945/,2021-10-13,★★★,看过,
冰海陷落,https://movie.douban.com/subject/6538807/,2021-10-12,★★★,看过,
天使陷落,https://movie.douban.com/subject/26900949/,2021-10-11,★★★,看过,
伦敦陷落,https://movie.douban.com/subject/25757186/,2021-10-10,★★★,看过,
灵媒,https://movie.douban.com/subject/35208823/,2021-09-18,★★,看过,
云南虫谷,https://movie.douban.com/subject/35042912/,2021-09-13,★★,看过,
白蛇2：青蛇劫起,https://movie.douban.com/subject/30435124/,2021-09-12,★★,看过,
速度与激情9,https://movie.douban.com/subject/25728006/,2021-08-28,★★,看过,
斯隆女士,https://movie.douban.com/subject/26703158/,2021-08-23,★★★★,看过,
黑水,https://movie.douban.com/subject/30331959/,2021-08-23,★★★★,看过,
扫黑风暴,https://movie.douban.com/subject/35202793/,2021-08-22,★★★,看过,
北海鲸梦,https://movie.douban.com/subject/26895436/,2021-08-14,★★★★,看过,
天龙八部,https://movie.douban.com/subject/30335218/,2021-08-14,★,看过,
X特遣队：全员集结,https://movie.douban.com/subject/26741632/,2021-08-13,★★,看过,
征服,https://movie.douban.com/subject/1917796/,2021-08-04,★★★★,看过,
血色天劫,https://movie.douban.com/subject/27179288/,2021-07-25,★★,看过,
浅田家！,https://movie.douban.com/subject/26958479/,2021-07-18,★★★★,看过,
罗马假日,https://movie.douban.com/subject/1293839/,2021-07-13,★★★★★,看过,
黑寡妇,https://movie.douban.com/subject/25828589/,2021-07-10,★★,看过,
明日之战,https://movie.douban.com/subject/30459571/,2021-07-04,★★★,看过,
超体,https://movie.douban.com/subject/24404677/,2021-06-20,★★★,看过,
无限,https://movie.douban.com/subject/30368448/,2021-06-14,★,看过,
地球改变之年,https://movie.douban.com/subject/35417202/,2021-06-10,★★★★,看过,
招魂3,https://movie.douban.com/subject/27077479/,2021-06-05,★★★,看过,
蚊子海岸 第一季,https://movie.douban.com/subject/34833756/,2021-05-29,,看过,
为全人类 第二季,https://movie.douban.com/subject/34858104/,2021-04-28,★★★★,看过,
猎鹰与冬兵,https://movie.douban.com/subject/30367642/,2021-04-23,★★,看过,
壮志凌云,https://movie.douban.com/subject/1293799/,2021-04-18,★★★★,看过,
小人物,https://movie.douban.com/subject/34865507/,2021-04-17,★★★★,看过,
困在时间里的父亲,https://movie.douban.com/subject/33432655/,2021-04-10,★★★★,看过,
苍穹浩瀚 第三季,https://movie.douban.com/subject/27025029/,2021-04-09,★★★★★,看过,
苍穹浩瀚 第二季,https://movie.douban.com/subject/26675245/,2021-04-06,★★★★,看过,
苍穹浩瀚 第一季,https://movie.douban.com/subject/25926851/,2021-04-06,★★★★,看过,
请回答1988,https://movie.douban.com/subject/26302614/,2021-03-28,★★★★,看过,
哥斯拉大战金刚,https://movie.douban.com/subject/26613692/,2021-03-27,★★★,看过,
越狱 第五季,https://movie.douban.com/subject/26416957/,2021-03-21,★★★,看过,
越狱  第四季,https://movie.douban.com/subject/3197006/,2021-03-21,★★★★,看过,
越狱  第三季,https://movie.douban.com/subject/2253613/,2021-03-21,★★★,看过,
越狱  第二季,https://movie.douban.com/subject/1876781/,2021-03-21,★★★★,看过,
越狱 第一季,https://movie.douban.com/subject/1419297/,2021-03-21,★★★★★,看过,
扎克·施奈德版正义联盟,https://movie.douban.com/subject/35076714/,2021-03-20,★★★★,看过,
文学的故乡,https://movie.douban.com/subject/27182690/,2021-03-16,,看过,
孤味,https://movie.douban.com/subject/34805873/,2021-03-07,★★★,看过,
发掘,https://movie.douban.com/subject/25862300/,2021-03-07,★★★,看过,
旺达幻视,https://movie.douban.com/subject/30331433/,2021-03-05,★★★,看过,
除暴,https://movie.douban.com/subject/30373723/,2021-03-05,★★★,看过,
拆弹专家2,https://movie.douban.com/subject/30171424/,2021-03-04,★★★,看过,
缉魂,https://movie.douban.com/subject/34962956/,2021-03-04,★★★★,看过,
花儿与少年 第三季,https://movie.douban.com/subject/26789755/,2021-03-02,★★★★,看过,
夺冠,https://movie.douban.com/subject/30128916/,2021-02-28,★★★★,看过,
卡特教练,https://movie.douban.com/subject/1309017/,2021-02-28,★★★★,看过,
波斯语课,https://movie.douban.com/subject/30466931/,2021-02-21,★★★★,看过,
控方证人,https://movie.douban.com/subject/1296141/,2021-02-21,★★★★★,看过,
龙卷风,https://movie.douban.com/subject/1292454/,2021-02-21,★★★★,看过,
山海情,https://movie.douban.com/subject/35033654/,2021-02-06,,看过,
若能与你共乘海浪之上,https://movie.douban.com/subject/30345226/,2021-01-26,★★★,看过,
曼达洛人 第二季,https://movie.douban.com/subject/34892527/,2021-01-20,★★★★★,看过,
暴烈女孩,https://movie.douban.com/subject/3659410/,2021-01-12,★★★★,看过,
希望沟壑,https://movie.douban.com/subject/27186368/,2021-01-11,★★★★,看过,
心灵奇旅,https://movie.douban.com/subject/24733428/,2021-01-04,★★★,看过,
神奇女侠1984,https://movie.douban.com/subject/27073752/,2020-12-29,★,看过,
对不起，我们错过了你,https://movie.douban.com/subject/30209084/,2020-12-28,★★★★★,看过,
马丁·伊登,https://movie.douban.com/subject/26952994/,2020-12-27,★★★★,看过,
绝命毒师  第五季,https://movie.douban.com/subject/6952149/,2020-12-27,★★★★★,看过,
南方码头,https://movie.douban.com/subject/33444754/,2020-11-08,★★,看过,
新变种人,https://movie.douban.com/subject/26389321/,2020-11-07,★,看过,
绝命毒师  第四季,https://movie.douban.com/subject/4927382/,2020-11-06,★★★★★,看过,
绝命毒师  第三季,https://movie.douban.com/subject/4256328/,2020-11-06,★★★★,看过,
绝命毒师  第二季,https://movie.douban.com/subject/3586996/,2020-11-02,★★★★,看过,
后翼弃兵,https://movie.douban.com/subject/32579283/,2020-10-25,★★★★,看过,
悲惨世界,https://movie.douban.com/subject/33417030/,2020-10-20,★★★★,看过,
天国王朝,https://movie.douban.com/subject/1309071/,2020-10-19,★★★,看过,
暗黑 第三季,https://movie.douban.com/subject/34442364/,2020-10-18,★★★★,看过,
海豹突击队 第三季,https://movie.douban.com/subject/33441955/,2020-10-17,★★★★,看过,
困在爱中,https://movie.douban.com/subject/10738134/,2020-10-08,★★★★,看过,
艾米丽在巴黎 第一季,https://movie.douban.com/subject/30319440/,2020-10-08,★★★,看过,
我在雨中等你,https://movie.douban.com/subject/3882427/,2020-10-06,★★★★,看过,
勇者行动,https://movie.douban.com/subject/5157137/,2020-10-06,,看过,
马柔本宅秘事,https://movie.douban.com/subject/26961821/,2020-10-06,★★★,看过,
雨中曲,https://movie.douban.com/subject/1293460/,2020-10-05,,看过,
无间道2,https://movie.douban.com/subject/1307106/,2020-10-05,,看过,
完美风暴,https://movie.douban.com/subject/1293815/,2020-10-04,★★★,看过,
不惧风暴,https://movie.douban.com/subject/7065187/,2020-10-04,★★★,看过,
异星灾变 第一季,https://movie.douban.com/subject/30345691/,2020-10-04,★★★,看过,
沉默的真相,https://movie.douban.com/subject/33447642/,2020-09-28,★★★,看过,
我的章鱼老师,https://movie.douban.com/subject/35185752/,2020-09-27,★★★★★,看过,
丹斯,https://movie.douban.com/subject/34898373/,2020-09-17,★★★★★,看过,
监视资本主义：智能陷阱,https://movie.douban.com/subject/34960008/,2020-09-17,★★★★★,看过,
真心半解,https://movie.douban.com/subject/33420285/,2020-09-13,,看过,
K星异客,https://movie.douban.com/subject/1306607/,2020-09-09,★★★★,看过,
信条,https://movie.douban.com/subject/30444960/,2020-09-06,★★★,看过,
最好的尚未到来,https://movie.douban.com/subject/30411557/,2020-08-23,★★★,看过,
伴你高飞,https://movie.douban.com/subject/1292642/,2020-08-03,★★★★★,看过,
给我翅膀,https://movie.douban.com/subject/30410114/,2020-08-03,★★★★★,看过,
灰猎犬号,https://movie.douban.com/subject/26871906/,2020-07-12,★★★★,看过,
隐秘的角落,https://movie.douban.com/subject/33404425/,2020-06-28,★★★★,看过,
将爱情进行到底,https://movie.douban.com/subject/2157239/,2020-06-08,★★★★★,看过,
绝夜逢生 第一季,https://movie.douban.com/subject/34815753/,2020-06-06,★★,看过,
女巫布莱尔,https://movie.douban.com/subject/1295831/,2020-05-31,★★,看过,
黑暗正义联盟：天启星战争,https://movie.douban.com/subject/34777818/,2020-05-11,★★,看过,
借东西的小人阿莉埃蒂,https://movie.douban.com/subject/4202302/,2020-05-05,★★★★,看过,
辩护人,https://movie.douban.com/subject/21937445/,2020-05-05,★★★★,看过,
萤火之森,https://movie.douban.com/subject/5989818/,2020-05-05,★★★★,看过,
天气之子,https://movie.douban.com/subject/30402296/,2020-05-04,★★,看过,
蜂鸟,https://movie.douban.com/subject/30318230/,2020-05-04,★★★★★,看过,
天道,https://movie.douban.com/subject/2347485/,2020-05-03,★★★,看过,
龙岭迷窟,https://movie.douban.com/subject/30488569/,2020-04-22,★★★,看过,
标准之外,https://movie.douban.com/subject/30310218/,2020-04-22,★★★★,看过,
隐形人,https://movie.douban.com/subject/2364086/,2020-04-19,★★★,看过,
梦幻岛,https://movie.douban.com/subject/2364001/,2020-04-19,★★,看过,
猎魔人 第一季,https://movie.douban.com/subject/26637615/,2020-04-19,,看过,
饥饿站台,https://movie.douban.com/subject/34805219/,2020-04-18,★★★,看过,
致命罗密欧,https://movie.douban.com/subject/1297670/,2020-04-17,★★★,看过,
狼犬丹尼,https://movie.douban.com/subject/1309211/,2020-04-17,★★★,看过,
暗黑 第二季,https://movie.douban.com/subject/27611018/,2020-04-12,★★★★,看过,
乡村爱情故事,https://movie.douban.com/subject/4303597/,2020-04-12,★★★★,看过,
阳光普照,https://movie.douban.com/subject/30292777/,2020-04-07,★★★★,看过,
环形物语,https://movie.douban.com/subject/30277286/,2020-04-06,★★★★★,看过,
重生,https://movie.douban.com/subject/30203553/,2020-04-04,★★,看过,
狩猎,https://movie.douban.com/subject/30182726/,2020-03-29,★★★,看过,
深海异兽,https://movie.douban.com/subject/26981442/,2020-03-28,★★★,看过,
E.T.外星人,https://movie.douban.com/subject/1294638/,2020-03-28,★★★★,看过,
银翼杀手,https://movie.douban.com/subject/1291839/,2020-03-28,★★★★,看过,
红海龟,https://movie.douban.com/subject/26376558/,2020-03-15,★★★★,看过,
为全人类 第一季,https://movie.douban.com/subject/27663962/,2020-03-13,★★★★,看过,
局外人,https://movie.douban.com/subject/30246686/,2020-03-10,★★★,看过,
人类消失后的世界,https://movie.douban.com/subject/2973851/,2020-03-05,★★★,看过,
意外空间,https://movie.douban.com/subject/25936147/,2020-03-03,★★★★,看过,
想见你,https://movie.douban.com/subject/30468961/,2020-03-02,★★★★,看过,
勇敢者游戏2：再战巅峰,https://movie.douban.com/subject/30128985/,2020-02-28,★★,看过,
性爱自修室 第二季,https://movie.douban.com/subject/30438115/,2020-02-21,★★★★,看过,
女特工,https://movie.douban.com/subject/30144221/,2020-02-17,★★★,看过,
中国的重生,https://movie.douban.com/subject/34834426/,2020-02-15,★★★,看过,
1917,https://movie.douban.com/subject/30252495/,2020-02-12,★★★★★,看过,
叶问4：完结篇,https://movie.douban.com/subject/26885074/,2020-02-07,★★,看过,
极速车王,https://movie.douban.com/subject/6538866/,2020-01-29,★★★★,看过,
孤独的美食家 2019除夕特别篇,https://movie.douban.com/subject/34906688/,2020-01-04,★★★★,看过,
孤独的美食家 第八季,https://movie.douban.com/subject/34801559/,2020-01-04,★★★★,看过,
无主之作,https://movie.douban.com/subject/26701196/,2019-12-30,★★★,看过,
曼达洛人 第一季,https://movie.douban.com/subject/30344167/,2019-12-29,★★★★,看过,
利刃出鞘,https://movie.douban.com/subject/30318116/,2019-12-28,★★,看过,
星球大战前传3：西斯的反击,https://movie.douban.com/subject/1309078/,2019-12-21,,看过,
星球大战前传2：克隆人的进攻,https://movie.douban.com/subject/1297785/,2019-12-21,,看过,
星球大战前传1：幽灵的威胁,https://movie.douban.com/subject/1294362/,2019-12-21,,看过,
星球大战9：天行者崛起,https://movie.douban.com/subject/22265687/,2019-12-21,★★,看过,
双子杀手,https://movie.douban.com/subject/3097572/,2019-12-09,★★★,看过,
白夜行,https://movie.douban.com/subject/3822842/,2019-12-09,★★,看过,
星际探索,https://movie.douban.com/subject/24716039/,2019-12-07,★★★★,看过,
第一滴血5：最后的血,https://movie.douban.com/subject/10546436/,2019-12-07,★★★,看过,
少年的你,https://movie.douban.com/subject/30166972/,2019-12-02,★★★,看过,
那般良夜,https://movie.douban.com/subject/26729194/,2019-11-18,★★★,看过,
决战中途岛,https://movie.douban.com/subject/26786669/,2019-11-17,★★,看过,
小丑,https://movie.douban.com/subject/27119724/,2019-11-10,★★,看过,
海豹突击队 第二季,https://movie.douban.com/subject/30181083/,2019-11-10,★★★★★,看过,
海豹突击队 第一季,https://movie.douban.com/subject/26992364/,2019-11-08,★★★★,看过,
奇特的动物伙伴,https://movie.douban.com/subject/20497899/,2019-11-03,★★★★★,看过,
罪梦者,https://movie.douban.com/subject/30338164/,2019-11-03,★★,看过,
性爱自修室 第一季,https://movie.douban.com/subject/27594217/,2019-10-29,★★★★,看过,
鬼入侵,https://movie.douban.com/subject/27016554/,2019-10-27,★★★,看过,
你的孩子不是你的孩子,https://movie.douban.com/subject/30232339/,2019-10-23,★★★,看过,
我们与恶的距离,https://movie.douban.com/subject/30181230/,2019-10-22,★★★★★,看过,
我们的父辈,https://movie.douban.com/subject/22623816/,2019-10-21,★★★★★,看过,
良医 第一季,https://movie.douban.com/subject/26888731/,2019-10-20,★★★★,看过,
奥丽芙·基特里奇,https://movie.douban.com/subject/24869254/,2019-10-16,★★★★,看过,
真相捕捉 第一季,https://movie.douban.com/subject/30305530/,2019-10-13,★★★★,看过,
白蛇：缘起,https://movie.douban.com/subject/30331149/,2019-10-10,★★★★,看过,
一夜迷情,https://movie.douban.com/subject/3230165/,2019-10-08,★★★★,看过,
另一个女人,https://movie.douban.com/subject/3009079/,2019-10-08,★★★★,看过,
夜以继日,https://movie.douban.com/subject/27037053/,2019-10-07,★★★★,看过,
新局长到来之前,https://movie.douban.com/subject/2042474/,2019-10-07,★★★,看过,
玩具总动员4,https://movie.douban.com/subject/6850547/,2019-10-06,★★★★★,看过,
追随,https://movie.douban.com/subject/1397546/,2019-10-05,★★★★,看过,
香水,https://movie.douban.com/subject/1760622/,2019-10-05,★★★,看过,
难以置信,https://movie.douban.com/subject/30122641/,2019-10-04,★★★★,看过,
速度与激情：特别行动,https://movie.douban.com/subject/27163278/,2019-10-02,★★★,看过,
灭绝,https://movie.douban.com/subject/26871938/,2019-10-01,★★,看过,
抹去重来 第一季,https://movie.douban.com/subject/30162997/,2019-09-29,★★★★,看过,
撤离地球,https://movie.douban.com/subject/20523233/,2019-09-15,★★★★,看过,
目击者之追凶,https://movie.douban.com/subject/11600078/,2019-09-14,★★★★,看过,
蜘蛛侠：英雄远征,https://movie.douban.com/subject/26931786/,2019-09-13,★★★,看过,
人鬼情未了,https://movie.douban.com/subject/1293203/,2019-08-26,★★★★,看过,
卡萨布兰卡,https://movie.douban.com/subject/1296753/,2019-08-25,★★★★,看过,
美国工厂,https://movie.douban.com/subject/30390700/,2019-08-25,★★★★,看过,
黑衣人：全球追缉,https://movie.douban.com/subject/19971676/,2019-08-23,★,看过,
心灵猎人 第二季,https://movie.douban.com/subject/27008551/,2019-08-23,★★★★,看过,
黑袍纠察队 第一季,https://movie.douban.com/subject/3703650/,2019-08-17,★★★★,看过,
燃烧,https://movie.douban.com/subject/26842702/,2019-08-11,★★★,看过,
寄生虫,https://movie.douban.com/subject/27010768/,2019-08-10,★★,看过,
手术两百年,https://movie.douban.com/subject/27182719/,2019-08-04,★★★,看过,
哪吒之魔童降世,https://movie.douban.com/subject/26794435/,2019-08-04,★★★,看过,
何以为家,https://movie.douban.com/subject/30170448/,2019-07-30,★★★★★,看过,
俘虏国度,https://movie.douban.com/subject/26862055/,2019-07-29,★★★,看过,
阿飞正传,https://movie.douban.com/subject/1305690/,2019-07-27,,看过,
暗黑 第一季,https://movie.douban.com/subject/26992330/,2019-07-22,★★★★,看过,
我们的星球 第一季,https://movie.douban.com/subject/30374707/,2019-07-17,★★★★★,看过,
雷霆沙赞！,https://movie.douban.com/subject/2244426/,2019-07-06,★★★,看过,
新世界,https://movie.douban.com/subject/10437779/,2019-06-30,★★★,看过,
驯龙高手3,https://movie.douban.com/subject/19899707/,2019-06-24,★★★,看过,
迷失Z城,https://movie.douban.com/subject/3025669/,2019-06-09,★★★,看过,
X战警：黑凤凰,https://movie.douban.com/subject/26667010/,2019-06-07,★★,看过,
裂缝,https://movie.douban.com/subject/3007817/,2019-06-03,★★★,看过,
哥斯拉2：怪兽之王,https://movie.douban.com/subject/25890017/,2019-05-31,★★★★,看过,
权力的游戏 第八季,https://movie.douban.com/subject/26584183/,2019-05-20,★★,看过,
阿波罗11号,https://movie.douban.com/subject/30390701/,2019-05-19,★★★★,看过,
疾速追杀,https://movie.douban.com/subject/25798131/,2019-05-18,★★★,看过,
气球,https://movie.douban.com/subject/30192401/,2019-05-03,★★★,看过,
复仇者联盟4：终局之战,https://movie.douban.com/subject/26100958/,2019-04-27,★★★★,看过,
倚天屠龙记,https://movie.douban.com/subject/25865815/,2019-04-13,★★,看过,
射雕英雄传,https://movie.douban.com/subject/26663086/,2019-04-12,★★,看过,
骡子,https://movie.douban.com/subject/30135113/,2019-03-31,★★★★,看过,
篮球冠军,https://movie.douban.com/subject/30205168/,2019-03-25,★★★,看过,
海市蜃楼,https://movie.douban.com/subject/30164448/,2019-03-24,★★★★,看过,
廉政风云,https://movie.douban.com/subject/27114416/,2019-03-24,★★,看过,
克洛伊,https://movie.douban.com/subject/3418187/,2019-03-24,★★★,看过,
真探 第三季,https://movie.douban.com/subject/27006232/,2019-03-23,,看过,
祈祷落幕时,https://movie.douban.com/subject/27040737/,2019-03-10,★★★★,看过,
蜘蛛侠：平行宇宙,https://movie.douban.com/subject/26374197/,2019-03-10,★★★★,看过,
纵横四海,https://movie.douban.com/subject/1295409/,2019-03-10,,看过,
徒手攀岩,https://movie.douban.com/subject/30167509/,2019-03-10,★★★★★,看过,
惊奇队长,https://movie.douban.com/subject/26213252/,2019-03-09,★★★,看过,
波西米亚狂想曲,https://movie.douban.com/subject/5300054/,2019-03-03,★★★★,看过,
阿丽塔：战斗天使,https://movie.douban.com/subject/1652592/,2019-02-23,★★★★,看过,
绿皮书,https://movie.douban.com/subject/27060077/,2019-02-23,★★★,看过,
回到未来,https://movie.douban.com/subject/1300555/,2019-02-17,★★★★,看过,
霸主,https://movie.douban.com/subject/26969115/,2019-02-12,★★★,看过,
邪不压正,https://movie.douban.com/subject/26366496/,2019-02-10,★★,看过,
极线杀手,https://movie.douban.com/subject/27180599/,2019-02-10,★★★,看过,
西虹市首富,https://movie.douban.com/subject/27605698/,2019-02-10,★★,看过,
海王,https://movie.douban.com/subject/3878007/,2019-02-09,★★★,看过,
流浪地球,https://movie.douban.com/subject/26266893/,2019-02-08,★★,看过,
神奇动物：格林德沃之罪,https://movie.douban.com/subject/26147417/,2019-01-27,★★★,看过,
罪人,https://movie.douban.com/subject/27615398/,2019-01-21,★★★★,看过,
调音师,https://movie.douban.com/subject/30334073/,2019-01-20,★★★★,看过,
大黄蜂,https://movie.douban.com/subject/26394152/,2019-01-20,★★,看过,
小小的白色谎言,https://movie.douban.com/subject/3742987/,2019-01-06,★★★★,看过,
黑镜：潘达斯奈基,https://movie.douban.com/subject/30414462/,2019-01-05,★★,看过,
五十度黑,https://movie.douban.com/subject/26323031/,2018-12-24,,看过,
解除好友,https://movie.douban.com/subject/26281899/,2018-12-24,,看过,
无双,https://movie.douban.com/subject/26425063/,2018-12-23,★★,看过,
摄影机不要停！,https://movie.douban.com/subject/30234315/,2018-12-23,★★★,看过,
登月第一人,https://movie.douban.com/subject/3026559/,2018-12-22,★★★★,看过,
贼巢,https://movie.douban.com/subject/3143727/,2018-12-09,★★★,看过,
深海狂鲨,https://movie.douban.com/subject/1292680/,2018-12-09,,看过,
春娇救志明,https://movie.douban.com/subject/26639958/,2018-12-09,,看过,
飞鹰艾迪,https://movie.douban.com/subject/3072064/,2018-12-09,,看过,
孤独的美食家新春SP：严冬之北海道·旭川出差篇,https://movie.douban.com/subject/26682874/,2018-12-09,,看过,
孤独的美食家特别篇！盛夏的东北·宫城出差篇,https://movie.douban.com/subject/26823817/,2018-12-09,,看过,
太空旅客,https://movie.douban.com/subject/3434070/,2018-12-09,,看过,
游侠索罗：星球大战外传,https://movie.douban.com/subject/25900947/,2018-12-09,,看过,
摩天营救,https://movie.douban.com/subject/26804147/,2018-12-09,,看过,
憨豆特工3,https://movie.douban.com/subject/27073234/,2018-12-09,,看过,
仙剑奇侠传,https://movie.douban.com/subject/2210031/,2018-12-09,,看过,
解除好友2：暗网,https://movie.douban.com/subject/26725678/,2018-12-09,,看过,
毒液：致命守护者,https://movie.douban.com/subject/3168101/,2018-12-02,★★★,看过,
言叶之庭,https://movie.douban.com/subject/20470074/,2018-11-19,★★★,看过,
私人生活,https://movie.douban.com/subject/26985996/,2018-11-18,★★★★,看过,
修女,https://movie.douban.com/subject/26825664/,2018-11-11,★★★,看过,
网络谜踪,https://movie.douban.com/subject/27615441/,2018-10-27,★★★★,看过,
蚁人2：黄蜂女现身,https://movie.douban.com/subject/26636712/,2018-10-07,★★★★,看过,
预见未来,https://movie.douban.com/subject/1793909/,2018-09-16,★★★,看过,
边境杀手2：边境战士,https://movie.douban.com/subject/26627736/,2018-09-15,★★★,看过,
小萝莉的猴神大叔,https://movie.douban.com/subject/26393561/,2018-09-09,★★★,看过,
碟中谍6：全面瓦解,https://movie.douban.com/subject/26336252/,2018-09-08,★★★,看过,
升级,https://movie.douban.com/subject/27093707/,2018-09-03,★★★,看过,
狗狗秘闻 第一季,https://movie.douban.com/subject/27191310/,2018-09-02,★★★★,看过,
狗的秘密生活,https://movie.douban.com/subject/24695878/,2018-09-02,★★★★,看过,
遗传厄运,https://movie.douban.com/subject/27621727/,2018-08-26,★★★★,看过,
巨齿鲨,https://movie.douban.com/subject/26426194/,2018-08-11,★★★,看过,
死侍2：我爱我家,https://movie.douban.com/subject/26588308/,2018-08-09,★★★,看过,
芙蓉镇,https://movie.douban.com/subject/1297880/,2018-08-05,★★★★★,看过,
一锤定音,https://movie.douban.com/subject/26383898/,2018-08-05,★★★★,看过,
小偷家族,https://movie.douban.com/subject/27622447/,2018-08-04,★★★,看过,
侏罗纪世界2,https://movie.douban.com/subject/26416062/,2018-07-29,★★★,看过,
鬼故事,https://movie.douban.com/subject/26721644/,2018-07-23,★★★,看过,
塔利,https://movie.douban.com/subject/26791452/,2018-07-22,★★★,看过,
游戏之夜,https://movie.douban.com/subject/26949241/,2018-07-22,★★★★,看过,
圆桌讲究派,https://movie.douban.com/subject/30264953/,2018-07-21,★★★★★,看过,
我不是药神,https://movie.douban.com/subject/26752088/,2018-07-20,★★★★★,看过,
狂暴巨兽,https://movie.douban.com/subject/26430636/,2018-06-20,★★,看过,
寂静之地,https://movie.douban.com/subject/26997663/,2018-05-27,★★,看过,
复仇者联盟3：无限战争,https://movie.douban.com/subject/24773958/,2018-05-12,★★★,看过,
恋爱回旋,https://movie.douban.com/subject/26972275/,2018-05-08,★★★,看过,
追梦赤子心,https://movie.douban.com/subject/1294753/,2018-05-06,★★★★,看过,
精武英雄,https://movie.douban.com/subject/1292895/,2018-05-06,★★★,看过,
空军一号,https://movie.douban.com/subject/1293537/,2018-05-06,★★★,看过,
杀人回忆,https://movie.douban.com/subject/1300299/,2018-05-01,★★★★★,看过,
红海行动,https://movie.douban.com/subject/26861685/,2018-05-01,★★★,看过,
环太平洋：雷霆再起,https://movie.douban.com/subject/20435622/,2018-04-21,★★,看过,
国土安全 第四季,https://movie.douban.com/subject/25752329/,2018-04-19,★★★★★,看过,
头号玩家,https://movie.douban.com/subject/4920389/,2018-04-06,★★★★,看过,
茉莉牌局,https://movie.douban.com/subject/26704137/,2018-04-06,,看过,
老师！我可以喜欢你吗？,https://movie.douban.com/subject/26901234/,2018-03-18,★★,看过,
湮灭,https://movie.douban.com/subject/26384741/,2018-03-13,★★★★,看过,
摩天轮,https://movie.douban.com/subject/26822230/,2018-03-10,★★,看过,
黑豹,https://movie.douban.com/subject/6390825/,2018-03-10,★★★,看过,
勇敢者游戏：决战丛林,https://movie.douban.com/subject/26586766/,2018-03-04,★★★,看过,
心理罪之城市之光,https://movie.douban.com/subject/26774722/,2018-03-04,★★,看过,
旅途的花样,https://movie.douban.com/subject/27034830/,2018-03-04,★★★,看过,
花样姐姐 第二季,https://movie.douban.com/subject/26740606/,2018-03-04,★★★,看过,
脸庞，村庄,https://movie.douban.com/subject/26764928/,2018-02-25,,看过,
相爱相亲,https://movie.douban.com/subject/26773744/,2018-02-25,★★★,看过,
甜蜜蜜,https://movie.douban.com/subject/1305164/,2018-02-23,★★★★★,看过,
冬天的骨头,https://movie.douban.com/subject/3610676/,2018-02-21,,看过,
约翰之子,https://movie.douban.com/subject/26420626/,2018-02-21,★★★★★,看过,
华盛顿邮报,https://movie.douban.com/subject/26990609/,2018-02-20,★★★,看过,
与神同行：罪与罚,https://movie.douban.com/subject/11584016/,2018-02-20,★★,看过,
至暗时刻,https://movie.douban.com/subject/26761416/,2018-02-20,★★★,看过,
魅影缝匠,https://movie.douban.com/subject/26809592/,2018-02-20,★★★★,看过,
火星任务,https://movie.douban.com/subject/1303447/,2018-02-19,★★★★★,看过,
妖猫传,https://movie.douban.com/subject/5350027/,2018-02-19,★★★,看过,
芳华,https://movie.douban.com/subject/26862829/,2018-02-18,★★,看过,
唐人街探案2,https://movie.douban.com/subject/26698897/,2018-02-17,★★★,看过,
大染坊,https://movie.douban.com/subject/2248529/,2018-02-15,★★★★,看过,
请以你的名字呼唤我,https://movie.douban.com/subject/26799731/,2018-02-08,★★★★★,看过,
科洛弗悖论,https://movie.douban.com/subject/21328095/,2018-02-07,★★,看过,
洗澡,https://movie.douban.com/subject/1303485/,2018-02-07,★★★★,看过,
骆驼祥子,https://movie.douban.com/subject/1307970/,2018-02-05,★★★★,看过,
编辑部的故事之万事如意,https://movie.douban.com/subject/3414995/,2018-02-05,★★★★★,看过,
孤独的美食家 第五季,https://movie.douban.com/subject/26588676/,2018-02-04,★★★★★,看过,
孤独的美食家 第六季,https://movie.douban.com/subject/26947873/,2018-02-04,★★★★★,看过,
孤独的美食家 除夕特别篇～ 最后一食！濑户内出差篇,https://movie.douban.com/subject/27203607/,2018-02-04,★★★★★,看过,
奇迹男孩,https://movie.douban.com/subject/26787574/,2018-02-04,★★★,看过,
寻梦环游记,https://movie.douban.com/subject/20495023/,2018-02-03,★★★★,看过,
信号,https://movie.douban.com/subject/25701866/,2018-01-22,★★★,看过,
水形物语,https://movie.douban.com/subject/26752852/,2018-01-22,★★,看过,
万家灯火,https://movie.douban.com/subject/3924502/,2018-01-21,★★★,看过,
轻松自由,https://movie.douban.com/subject/25880937/,2018-01-21,★★★,看过,
阿尔法围棋,https://movie.douban.com/subject/27012433/,2018-01-18,★★★★★,看过,
伏地魔：传人的起源,https://movie.douban.com/subject/27073173/,2018-01-16,★★,看过,
杰出公民,https://movie.douban.com/subject/26844922/,2018-01-14,★★★★★,看过,
金矿,https://movie.douban.com/subject/7065334/,2018-01-14,★★★★,看过,
三块广告牌,https://movie.douban.com/subject/26611804/,2018-01-13,★★★★★,看过,
太空救援,https://movie.douban.com/subject/27073291/,2018-01-13,★★★,看过,
电锯惊魂8：竖锯,https://movie.douban.com/subject/25788426/,2018-01-11,★★★,看过,
美好的一年,https://movie.douban.com/subject/1482101/,2018-01-07,★★★,看过,
全球风暴,https://movie.douban.com/subject/22266012/,2018-01-07,★★★,看过,
伯德小姐,https://movie.douban.com/subject/26588314/,2018-01-07,★★★★,看过,
星球大战8：最后的绝地武士,https://movie.douban.com/subject/22265634/,2018-01-06,★★★★,看过,
灵蚀,https://movie.douban.com/subject/27126455/,2018-01-03,★★★,看过,
黑镜 第四季,https://movie.douban.com/subject/26898192/,2018-01-02,★★★,看过,
蓝色星球 第二季,https://movie.douban.com/subject/26979545/,2018-01-01,★★★★★,看过,
银翼杀手2049,https://movie.douban.com/subject/10512661/,2018-01-01,★★★★,看过,
处子之山,https://movie.douban.com/subject/26304901/,2017-12-25,★★★★,看过,
追龙,https://movie.douban.com/subject/26425068/,2017-12-20,★★,看过,
心动,https://movie.douban.com/subject/1292289/,2017-12-10,★★★★★,看过,
王牌特工2：黄金圈,https://movie.douban.com/subject/26378579/,2017-12-03,★★,看过,
迷失东京,https://movie.douban.com/subject/1291835/,2017-11-27,★★★★,看过,
焦土之城,https://movie.douban.com/subject/4935242/,2017-11-19,★★★★,看过,
正义联盟,https://movie.douban.com/subject/2158490/,2017-11-18,★★★,看过,
天才少女,https://movie.douban.com/subject/26593587/,2017-11-12,★★★,看过,
小丑回魂,https://movie.douban.com/subject/3604148/,2017-11-05,★★,看过,
星际特工：千星之城,https://movie.douban.com/subject/11502973/,2017-11-05,★★,看过,
雷神3：诸神黄昏,https://movie.douban.com/subject/25821634/,2017-11-04,★★★,看过,
战狼2,https://movie.douban.com/subject/26363254/,2017-10-29,★★★,看过,
心灵猎人 第一季,https://movie.douban.com/subject/26691486/,2017-10-25,★★★★★,看过,
钟馗捉鬼,https://movie.douban.com/subject/3206445/,2017-10-19,★★★★★,看过,
白夜追凶,https://movie.douban.com/subject/26883064/,2017-10-11,★★★★,看过,
仓皇一夜,https://movie.douban.com/subject/26687241/,2017-10-08,★★,看过,
英伦对决,https://movie.douban.com/subject/25723583/,2017-10-07,★★★,看过,
父亲与伊藤先生,https://movie.douban.com/subject/26642163/,2017-10-06,★★★,看过,
生存家族,https://movie.douban.com/subject/26815162/,2017-10-05,★★★,看过,
回忆,https://movie.douban.com/subject/26242647/,2017-10-02,★★★★,看过,
一念无明,https://movie.douban.com/subject/26704590/,2017-09-24,★★★,看过,
鬼魅浮生,https://movie.douban.com/subject/26920017/,2017-09-23,★★★★,看过,
三个老枪手,https://movie.douban.com/subject/26266085/,2017-09-17,★★★,看过,
城市广场,https://movie.douban.com/subject/3007809/,2017-09-17,★★★,看过,
第六感生死缘,https://movie.douban.com/subject/1299769/,2017-09-17,★★★,看过,
猩球崛起3：终极之战,https://movie.douban.com/subject/25808075/,2017-09-16,★★,看过,
变形金刚5：最后的骑士,https://movie.douban.com/subject/25824686/,2017-09-16,★★,看过,
中国有嘻哈,https://movie.douban.com/subject/27037043/,2017-09-10,★★,看过,
蜘蛛侠：英雄归来,https://movie.douban.com/subject/24753477/,2017-09-09,★★★★,看过,
背靠背，脸对脸,https://movie.douban.com/subject/1307856/,2017-09-06,★★★★★,看过,
遇见你之前,https://movie.douban.com/subject/25929151/,2017-09-03,★★★,看过,
敦刻尔克,https://movie.douban.com/subject/26607693/,2017-09-01,★★★,看过,
鬼吹灯之黄皮子坟,https://movie.douban.com/subject/26859982/,2017-08-30,★,看过,
权力的游戏 第七季,https://movie.douban.com/subject/26235354/,2017-08-29,★★★★★,看过,
权力的游戏 第六季,https://movie.douban.com/subject/25862357/,2017-08-28,★★★★★,看过,
权力的游戏 第五季,https://movie.douban.com/subject/25826612/,2017-08-28,★★★★★,看过,
权力的游戏 第四季,https://movie.douban.com/subject/23232876/,2017-08-28,★★★★★,看过,
权力的游戏 第三季,https://movie.douban.com/subject/10590706/,2017-08-24,★★★★★,看过,
权力的游戏  第二季,https://movie.douban.com/subject/6558062/,2017-08-21,★★★★★,看过,
权力的游戏 第一季,https://movie.douban.com/subject/3016187/,2017-08-21,★★★★★,看过,
失眠症,https://movie.douban.com/subject/1307210/,2017-08-06,★★★,看过,
宿敌,https://movie.douban.com/subject/10562986/,2017-07-30,★★★,看过,
新木乃伊,https://movie.douban.com/subject/20451290/,2017-07-29,★★,看过,
茶馆,https://movie.douban.com/subject/1461403/,2017-07-29,★★★★★,看过,
丈夫得了抑郁症,https://movie.douban.com/subject/5968334/,2017-07-09,★★★,看过,
逃亡鳄鱼岛,https://movie.douban.com/subject/2159244/,2017-07-09,★★,看过,
空中营救,https://movie.douban.com/subject/10598440/,2017-06-25,★★★,看过,
异形：契约,https://movie.douban.com/subject/11803087/,2017-06-17,★★★,看过,
求婚大作战特别篇,https://movie.douban.com/subject/3168993/,2017-06-12,★★★,看过,
求婚大作战,https://movie.douban.com/subject/2018131/,2017-06-12,★★★★,看过,
龙樱,https://movie.douban.com/subject/1915312/,2017-06-11,★★★★,看过,
神奇女侠,https://movie.douban.com/subject/1578714/,2017-06-02,★★★★,看过,
速度与激情8,https://movie.douban.com/subject/26260853/,2017-05-21,★★★,看过,
魔女宅急便,https://movie.douban.com/subject/1307811/,2017-05-21,★★★★,看过,
指定幸存者 第一季,https://movie.douban.com/subject/26663628/,2017-05-20,★★★★,看过,
异星觉醒,https://movie.douban.com/subject/26718838/,2017-05-20,★★★★,看过,
摔跤吧！爸爸,https://movie.douban.com/subject/26387939/,2017-05-13,★★★★,看过,
银河护卫队2,https://movie.douban.com/subject/25937854/,2017-05-13,★★★,看过,
风之谷,https://movie.douban.com/subject/1291585/,2017-05-07,★★★★,看过,
幽灵公主,https://movie.douban.com/subject/1297359/,2017-05-07,★★★★,看过,
红猪,https://movie.douban.com/subject/1291838/,2017-05-07,★★★★★,看过,
克罗索巨兽,https://movie.douban.com/subject/26388164/,2017-05-03,★★★,看过,
看不见的客人,https://movie.douban.com/subject/26580232/,2017-05-01,★★★★,看过,
爱在午夜降临前,https://movie.douban.com/subject/10808442/,2017-05-01,★★★★,看过,
音乐之声,https://movie.douban.com/subject/1294408/,2017-05-01,★★★,看过,
剪刀手爱德华,https://movie.douban.com/subject/1292370/,2017-05-01,★★★,看过,
极品飞车,https://movie.douban.com/subject/20257326/,2017-05-01,★★,看过,
导火线,https://movie.douban.com/subject/2044102/,2017-05-01,★★★,看过,
咒怨2,https://movie.douban.com/subject/1308554/,2017-05-01,★★★,看过,
午夜凶铃2：贞子缠身,https://movie.douban.com/subject/1294506/,2017-05-01,★★★,看过,
咒怨,https://movie.douban.com/subject/1306808/,2017-05-01,★★★★,看过,
恐怖蜡像馆,https://movie.douban.com/subject/1309184/,2017-05-01,★★★,看过,
飓风营救,https://movie.douban.com/subject/2124586/,2017-05-01,★★★,看过,
孤独的幸存者,https://movie.douban.com/subject/3836070/,2017-05-01,★★★★,看过,
逃出绝命镇,https://movie.douban.com/subject/26688480/,2017-04-22,★★★,看过,
人民的名义,https://movie.douban.com/subject/26727273/,2017-04-20,★★★,看过,
金刚：骷髅岛,https://movie.douban.com/subject/26309788/,2017-04-09,★★★,看过,
分裂,https://movie.douban.com/subject/26600660/,2017-04-09,★★★,看过,
罪夜之奔,https://movie.douban.com/subject/20558374/,2017-03-31,★★★★,看过,
11:14,https://movie.douban.com/subject/1394825/,2017-03-27,★★★,看过,
中邪,https://movie.douban.com/subject/26820833/,2017-03-25,★★★,看过,
流浪猫鲍勃,https://movie.douban.com/subject/26685451/,2017-03-20,★★,看过,
一条狗的使命,https://movie.douban.com/subject/6873143/,2017-03-19,★★★,看过,
生化危机：终章,https://movie.douban.com/subject/20471852/,2017-03-18,★★,看过,
极限特工3：终极回归,https://movie.douban.com/subject/3230115/,2017-03-18,★★,看过,
变蝇人,https://movie.douban.com/subject/1293073/,2017-03-17,★★★,看过,
欢乐好声音,https://movie.douban.com/subject/26354572/,2017-03-06,★★★,看过,
金刚狼3：殊死一战,https://movie.douban.com/subject/25765735/,2017-03-04,★★★★★,看过,
月光男孩,https://movie.douban.com/subject/26648249/,2017-02-27,★★,看过,
第89届奥斯卡颁奖典礼,https://movie.douban.com/subject/26908293/,2017-02-27,,看过,
时空罪恶,https://movie.douban.com/subject/2301242/,2017-02-25,★★,看过,
雄狮,https://movie.douban.com/subject/26220650/,2017-02-17,★★,看过,
夜行动物,https://movie.douban.com/subject/26353372/,2017-02-11,★★★★,看过,
比利·林恩的中场战事,https://movie.douban.com/subject/25983044/,2017-02-11,★★★,看过,
爱乐之城,https://movie.douban.com/subject/25934014/,2017-02-05,★★★★★,看过,
成长边缘,https://movie.douban.com/subject/6873905/,2017-02-05,★★★,看过,
我不是潘金莲,https://movie.douban.com/subject/26630781/,2017-02-05,★★,看过,
海边的曼彻斯特,https://movie.douban.com/subject/25980443/,2017-02-02,★★★★★,看过,
过年,https://movie.douban.com/subject/1296218/,2017-01-31,★★★★,看过,
赴汤蹈火,https://movie.douban.com/subject/26389148/,2017-01-30,★★★,看过,
隐藏人物,https://movie.douban.com/subject/26615208/,2017-01-29,★★★★,看过,
2017年中央电视台春节联欢晚会,https://movie.douban.com/subject/26729145/,2017-01-28,★,看过,
鬼吹灯之精绝古城,https://movie.douban.com/subject/26298935/,2017-01-26,★★★★,看过,
卡推女王,https://movie.douban.com/subject/26265101/,2017-01-21,★★★,看过,
真正男子汉 第二季,https://movie.douban.com/subject/26575151/,2017-01-21,★★★,看过,
降临,https://movie.douban.com/subject/21324900/,2017-01-20,★★★★★,看过,
神奇动物在哪里,https://movie.douban.com/subject/25726614/,2017-01-19,★★★,看过,
中国新年：全球最大庆典,https://movie.douban.com/subject/26712210/,2017-01-17,★★★,看过,
生死狙击,https://movie.douban.com/subject/1947549/,2017-01-15,★★★,看过,
太极张三丰,https://movie.douban.com/subject/1294561/,2017-01-13,★★★★,看过,
僵尸,https://movie.douban.com/subject/22715021/,2017-01-12,★★★,看过,
孤独的美食家正月特别篇：井之头五郎漫长的一天,https://movie.douban.com/subject/26926305/,2017-01-08,★★★★,看过,
本命年,https://movie.douban.com/subject/1296266/,2017-01-08,★★★★,看过,
星球大战外传：侠盗一号,https://movie.douban.com/subject/25894431/,2017-01-07,★★★★,看过,
神奇队长,https://movie.douban.com/subject/25834735/,2017-01-01,★★★,看过,
驴得水,https://movie.douban.com/subject/25921812/,2016-12-31,★★★,看过,
摆渡人,https://movie.douban.com/subject/25911694/,2016-12-28,★,看过,
铁道飞虎,https://movie.douban.com/subject/26389069/,2016-12-28,★,看过,
无名女尸,https://movie.douban.com/subject/26339213/,2016-12-27,★★★,看过,
但丁密码,https://movie.douban.com/subject/24860318/,2016-12-25,★★,看过,
逃避虽可耻但有用,https://movie.douban.com/subject/26816519/,2016-12-21,★★★,看过,
毕业会考,https://movie.douban.com/subject/26340305/,2016-12-18,★★★,看过,
长城,https://movie.douban.com/subject/6982558/,2016-12-17,★,看过,
萨利机长,https://movie.douban.com/subject/26416603/,2016-12-16,★★★,看过,
幽冥,https://movie.douban.com/subject/20514871/,2016-12-12,★★★,看过,
血战钢锯岭,https://movie.douban.com/subject/26325320/,2016-12-11,★★★★,看过,
天地大冲撞,https://movie.douban.com/subject/1293131/,2016-12-05,★★★,看过,
胜者即是正义 2014SP,https://movie.douban.com/subject/26020814/,2016-12-03,★★★★,看过,
胜者即是正义2,https://movie.douban.com/subject/23997724/,2016-12-03,★★★★★,看过,
新哥斯拉,https://movie.douban.com/subject/26279124/,2016-12-02,★,看过,
胜者即是正义SP,https://movie.douban.com/subject/21332518/,2016-11-30,★★★★,看过,
胜者即是正义,https://movie.douban.com/subject/10491666/,2016-11-30,★★★★,看过,
警戒结束,https://movie.douban.com/subject/6128922/,2016-11-28,★★★★,看过,
东京家族,https://movie.douban.com/subject/5996409/,2016-11-28,★★★,看过,
比海更深,https://movie.douban.com/subject/26694988/,2016-11-27,★★★★,看过,
纯净脆弱的心,https://movie.douban.com/subject/20390013/,2016-11-20,★★★,看过,
自杀小队,https://movie.douban.com/subject/3569910/,2016-11-20,★★,看过,
生活大爆炸 第九季,https://movie.douban.com/subject/25845400/,2016-11-15,★★★★,看过,
生活大爆炸 第八季,https://movie.douban.com/subject/25845393/,2016-11-15,★★★★,看过,
时空线索,https://movie.douban.com/subject/1789283/,2016-11-13,★★★,看过,
魔弦传说,https://movie.douban.com/subject/26287884/,2016-11-09,★★★,看过,
导盲犬小Q,https://movie.douban.com/subject/1316572/,2016-11-06,★★★★,看过,
奇异博士,https://movie.douban.com/subject/3025375/,2016-11-05,★★,看过,
十二猴子,https://movie.douban.com/subject/1298744/,2016-11-02,★★,看过,
为你取名的那一天,https://movie.douban.com/subject/26810837/,2016-10-31,★★★,看过,
黑镜 第三季,https://movie.douban.com/subject/25966044/,2016-10-25,★★★★,看过,
屏住呼吸,https://movie.douban.com/subject/26704620/,2016-10-20,★★,看过,
湄公河行动,https://movie.douban.com/subject/25815034/,2016-10-13,★★★,看过,
爵迹,https://movie.douban.com/subject/26354336/,2016-10-11,★,看过,
暗花,https://movie.douban.com/subject/1292450/,2016-10-07,,看过,
关灯后,https://movie.douban.com/subject/26684564/,2016-10-06,★★★,看过,
瑞士军刀男,https://movie.douban.com/subject/26437237/,2016-10-04,★,看过,
追捕野蛮人,https://movie.douban.com/subject/26411201/,2016-10-03,★★★★,看过,
你的名字。,https://movie.douban.com/subject/26683290/,2016-10-03,★★★★,看过,
熔炉,https://movie.douban.com/subject/5912992/,2016-09-25,★★★★★,看过,
海蒂和爷爷,https://movie.douban.com/subject/25958717/,2016-09-18,★★★★,看过,
荒蛮故事,https://movie.douban.com/subject/24750126/,2016-09-17,★★★,看过,
隧道,https://movie.douban.com/subject/26410594/,2016-09-17,★★★,看过,
星际迷航3：超越星辰,https://movie.douban.com/subject/22939161/,2016-09-16,★★★,看过,
初恋这首情歌,https://movie.douban.com/subject/25855071/,2016-09-15,★★★★,看过,
釜山行,https://movie.douban.com/subject/25986180/,2016-09-11,★★★,看过,
鲨滩,https://movie.douban.com/subject/26000205/,2016-09-10,★★,看过,
宇宙时空之旅,https://movie.douban.com/subject/24698699/,2016-09-09,★★★★★,看过,
知无涯者,https://movie.douban.com/subject/3269088/,2016-09-02,★★★,看过,
惊天魔盗团2,https://movie.douban.com/subject/25662337/,2016-09-01,★★,看过,
极盗者,https://movie.douban.com/subject/25809384/,2016-08-31,★★★★,看过,
铜牌巨星,https://movie.douban.com/subject/25931618/,2016-08-30,★★★,看过,
谍影重重5,https://movie.douban.com/subject/26266072/,2016-08-27,★★★★,看过,
家族之苦,https://movie.douban.com/subject/26020796/,2016-08-22,★★★,看过,
一个叫欧维的男人决定去死,https://movie.douban.com/subject/26628357/,2016-08-21,★★★,看过,
颐和园(纪录片),https://movie.douban.com/subject/5446253/,2016-07-28,★★★★,看过,
完美陌生人,https://movie.douban.com/subject/26614893/,2016-07-24,★★★★,看过,
济公,https://movie.douban.com/subject/2210236/,2016-07-21,★★★,看过,
家有仙妻,https://movie.douban.com/subject/2212156/,2016-07-21,★★★★,看过,
封神榜,https://movie.douban.com/subject/2154743/,2016-07-21,★★★★,看过,
包青天,https://movie.douban.com/subject/2156704/,2016-07-21,★★★★,看过,
渴望,https://movie.douban.com/subject/2144485/,2016-07-21,★★★,看过,
戏说乾隆第二部,https://movie.douban.com/subject/2216963/,2016-07-21,★★★,看过,
戏说乾隆,https://movie.douban.com/subject/2154868/,2016-07-21,★★★★,看过,
倚天屠龙记,https://movie.douban.com/subject/3901418/,2016-07-21,★★★,看过,
铁齿铜牙纪晓岚3,https://movie.douban.com/subject/2248761/,2016-07-21,★★,看过,
铁齿铜牙纪晓岚4,https://movie.douban.com/subject/3348328/,2016-07-21,★★,看过,
康熙微服私访记2,https://movie.douban.com/subject/1790859/,2016-07-21,★★,看过,
康熙微服私访记3,https://movie.douban.com/subject/2252736/,2016-07-21,★★,看过,
康熙微服私访记4,https://movie.douban.com/subject/2252743/,2016-07-21,★★,看过,
康熙微服私访记1,https://movie.douban.com/subject/2252733/,2016-07-21,★★★,看过,
铁齿铜牙纪晓岚2,https://movie.douban.com/subject/2248758/,2016-07-21,★★★,看过,
宰相刘罗锅,https://movie.douban.com/subject/2239286/,2016-07-21,★★★★,看过,
粉红女郎,https://movie.douban.com/subject/2244363/,2016-07-21,★★★,看过,
还珠格格第三部,https://movie.douban.com/subject/2214122/,2016-07-21,★★,看过,
少年包青天,https://movie.douban.com/subject/2157131/,2016-07-21,★★★,看过,
铁齿铜牙纪晓岚,https://movie.douban.com/subject/2248757/,2016-07-21,★★★,看过,
还珠格格第二部,https://movie.douban.com/subject/1786740/,2016-07-21,★★★,看过,
新白娘子传奇,https://movie.douban.com/subject/2153527/,2016-07-21,★★★★,看过,
天龙八部,https://movie.douban.com/subject/1718150/,2016-07-21,★★★,看过,
天龙八部,https://movie.douban.com/subject/1863941/,2016-07-21,★★★★,看过,
神雕侠侣,https://movie.douban.com/subject/1863947/,2016-07-21,★★★★,看过,
笑傲江湖,https://movie.douban.com/subject/2294255/,2016-07-21,★★★,看过,
笑傲江湖,https://movie.douban.com/subject/2155290/,2016-07-21,★,看过,
纸牌屋 第四季,https://movie.douban.com/subject/26336281/,2016-07-13,★★★★,看过,
激辩风云,https://movie.douban.com/subject/2077287/,2016-07-09,★★★★,看过,
末代独裁,https://movie.douban.com/subject/1900848/,2016-07-09,★★★★,看过,
破碎人生,https://movie.douban.com/subject/25846858/,2016-07-07,★★★★,看过,
天空之眼,https://movie.douban.com/subject/10484117/,2016-07-02,★★★,看过,
独立日2：卷土重来,https://movie.douban.com/subject/4811813/,2016-06-25,★★★,看过,
招魂2,https://movie.douban.com/subject/24860563/,2016-06-25,★★★,看过,
奥特曼,https://movie.douban.com/subject/2264545/,2016-06-24,★★★★★,看过,
奇幻森林,https://movie.douban.com/subject/25777636/,2016-06-22,★★,看过,
余罪 第二季,https://movie.douban.com/subject/26802975/,2016-06-21,★★★,看过,
魔兽,https://movie.douban.com/subject/2131940/,2016-06-09,★,看过,
余罪 第一季,https://movie.douban.com/subject/26363830/,2016-06-09,★★★★,看过,
X战警：天启,https://movie.douban.com/subject/25786060/,2016-06-04,★★★,看过,
硬核亨利,https://movie.douban.com/subject/25706773/,2016-05-29,★★★,看过,
危机13小时,https://movie.douban.com/subject/26220717/,2016-05-28,★★★★,看过,
推手,https://movie.douban.com/subject/1306939/,2016-05-22,★★★★,看过,
喜宴,https://movie.douban.com/subject/1303037/,2016-05-22,★★★★★,看过,
地雷区,https://movie.douban.com/subject/26591654/,2016-05-14,★★★★★,看过,
欢乐颂,https://movie.douban.com/subject/26430092/,2016-05-12,★,看过,
科洛弗道10号,https://movie.douban.com/subject/2977957/,2016-05-08,★★,看过,
美国队长3,https://movie.douban.com/subject/25820460/,2016-05-07,★★★★,看过,
林肯律师,https://movie.douban.com/subject/2996790/,2016-04-04,★★★★,看过,
末代皇帝,https://movie.douban.com/subject/1293172/,2016-04-04,★★★★,看过,
花样姐姐 第一季,https://movie.douban.com/subject/26292732/,2016-03-29,★★★,看过,
巴尼的人生,https://movie.douban.com/subject/3718460/,2016-03-28,★★★★,看过,
蝙蝠侠大战超人：正义黎明,https://movie.douban.com/subject/24750534/,2016-03-26,★★★★★,看过,
死侍,https://movie.douban.com/subject/3718279/,2016-03-25,★★★,看过,
我在故宫修文物,https://movie.douban.com/subject/26703457/,2016-03-22,★★★★,看过,
阿罗哈,https://movie.douban.com/subject/3104205/,2016-03-21,★★,看过,
拉扎老师,https://movie.douban.com/subject/6724667/,2016-03-21,★★★,看过,
最后一周,https://movie.douban.com/subject/3144388/,2016-03-20,★★,看过,
裁缝,https://movie.douban.com/subject/25697098/,2016-03-14,★★,看过,
叶问3,https://movie.douban.com/subject/11598977/,2016-03-11,★★★,看过,
疯狂动物城,https://movie.douban.com/subject/25662329/,2016-03-08,★★★★★,看过,
未麻的部屋,https://movie.douban.com/subject/1395091/,2016-03-07,★★★★,看过,
重庆森林,https://movie.douban.com/subject/1291999/,2016-03-06,★★,看过,
童年的终结,https://movie.douban.com/subject/25994898/,2016-03-04,★★★,看过,
卧虎藏龙：青冥宝剑,https://movie.douban.com/subject/21327512/,2016-03-02,★,看过,
千钧一发,https://movie.douban.com/subject/1300117/,2016-03-01,★★★,看过,
爱在日落黄昏时,https://movie.douban.com/subject/1291990/,2016-03-01,★★★,看过,
爱在黎明破晓前,https://movie.douban.com/subject/1296339/,2016-03-01,★★★,看过,
熊的故事,https://movie.douban.com/subject/26258767/,2016-03-01,★★★★,看过,
第88届奥斯卡颁奖典礼,https://movie.douban.com/subject/26635418/,2016-02-29,★★★,看过,
布鲁克林,https://movie.douban.com/subject/10741220/,2016-02-27,★★★★,看过,
功夫熊猫3,https://movie.douban.com/subject/11589036/,2016-02-27,★★★,看过,
爱的成人式,https://movie.douban.com/subject/26140405/,2016-02-21,★★★,看过,
机械姬,https://movie.douban.com/subject/4160540/,2016-02-21,★★★,看过,
唐人街探案,https://movie.douban.com/subject/26311973/,2016-02-21,★★★,看过,
与玛格丽特的午后,https://movie.douban.com/subject/3796613/,2016-02-20,★★★★,看过,
乡村爱情II,https://movie.douban.com/subject/2997304/,2016-02-20,★★★,看过,
乡村爱情,https://movie.douban.com/subject/2295764/,2016-02-20,★★★,看过,
我们的精神角落,https://movie.douban.com/subject/26728787/,2016-02-17,★★★★,看过,
唇上之歌,https://movie.douban.com/subject/25922902/,2016-02-17,★★★★,看过,
小森林 夏秋篇,https://movie.douban.com/subject/25814705/,2016-02-16,★★★,看过,
小森林 冬春篇,https://movie.douban.com/subject/25814707/,2016-02-16,★★★,看过,
桑巴,https://movie.douban.com/subject/25741682/,2016-02-16,★★,看过,
当你熟睡,https://movie.douban.com/subject/3731626/,2016-01-27,★★,看过,
危楼愚夫,https://movie.douban.com/subject/25882861/,2016-01-18,★★★★,看过,
阿波罗13号,https://movie.douban.com/subject/1293785/,2016-01-15,★★★★,看过,
大空头,https://movie.douban.com/subject/26303622/,2016-01-14,★★★,看过,
大叔阿什比,https://movie.douban.com/subject/25910552/,2016-01-11,★★,看过,
45周年,https://movie.douban.com/subject/25839662/,2016-01-11,★★★★,看过,
芈月传,https://movie.douban.com/subject/21766654/,2016-01-10,★,看过,
超新约全书,https://movie.douban.com/subject/25958704/,2016-01-10,★★★,看过,
星球大战7：原力觉醒,https://movie.douban.com/subject/20326665/,2016-01-09,★★★★,看过,
聚焦,https://movie.douban.com/subject/25954475/,2016-01-05,★★★★,看过,
红辣椒,https://movie.douban.com/subject/1865703/,2016-01-04,★★★★,看过,
无理之人,https://movie.douban.com/subject/25881888/,2016-01-04,★★★★,看过,
神探夏洛克：可恶的新娘,https://movie.douban.com/subject/25920885/,2016-01-03,★★,看过,
间谍之桥,https://movie.douban.com/subject/25908051/,2016-01-02,★★★★,看过,
寻龙诀,https://movie.douban.com/subject/3077412/,2016-01-01,★★,看过,
老炮儿,https://movie.douban.com/subject/24751756/,2016-01-01,★★★★,看过,
007：幽灵党,https://movie.douban.com/subject/11620560/,2015-12-28,★,看过,
边境杀手,https://movie.douban.com/subject/25881247/,2015-12-28,★★★★★,看过,
我的少女时代,https://movie.douban.com/subject/26366465/,2015-12-27,★★★,看过,
出棋制胜,https://movie.douban.com/subject/4707935/,2015-12-27,★★★★,看过,
心迷宫,https://movie.douban.com/subject/25917973/,2015-12-26,★★★★,看过,
奎迪,https://movie.douban.com/subject/24875409/,2015-12-26,★★★,看过,
荒野猎人,https://movie.douban.com/subject/5327268/,2015-12-25,★★,看过,
海街日记,https://movie.douban.com/subject/25895901/,2015-12-22,★★★★,看过,
房间,https://movie.douban.com/subject/25724855/,2015-12-21,★★★,看过,
卡罗尔,https://movie.douban.com/subject/10757577/,2015-12-21,★★★,看过,
西班牙公寓,https://movie.douban.com/subject/1307263/,2015-12-20,★★★,看过,
实习生,https://movie.douban.com/subject/10594965/,2015-12-19,★★★★,看过,
追击者,https://movie.douban.com/subject/3006309/,2015-12-13,★★,看过,
野马,https://movie.douban.com/subject/26372545/,2015-12-13,★★★★,看过,
师父,https://movie.douban.com/subject/25919910/,2015-12-11,★★★,看过,
罪恶之家,https://movie.douban.com/subject/25955491/,2015-12-09,★★★★★,看过,
少年时代,https://movie.douban.com/subject/2209575/,2015-12-06,★★★★,看过,
云中行走,https://movie.douban.com/subject/25819229/,2015-12-06,★★★,看过,
我和厄尔以及将死的女孩,https://movie.douban.com/subject/24325923/,2015-12-06,★★★★,看过,
年轻气盛,https://movie.douban.com/subject/25766754/,2015-12-05,,看过,
火星救援,https://movie.douban.com/subject/25864085/,2015-12-05,★★★★,看过,
科比的缪斯,https://movie.douban.com/subject/26334993/,2015-12-03,★★★,看过,
夏洛特烦恼,https://movie.douban.com/subject/25964071/,2015-11-28,★,看过,
怒火救援,https://movie.douban.com/subject/1309116/,2015-11-22,★★★★,看过,
垫底辣妹,https://movie.douban.com/subject/26259677/,2015-11-22,★★★★,看过,
光辉岁月,https://movie.douban.com/subject/1292943/,2015-11-16,★★★★,看过,
C罗,https://movie.douban.com/subject/26641183/,2015-11-14,★★,看过,
第三种爱情,https://movie.douban.com/subject/25911595/,2015-11-01,★,看过,
绝命海拔,https://movie.douban.com/subject/22265299/,2015-10-31,★★★,看过,
精神分裂症,https://movie.douban.com/subject/3262918/,2015-10-18,★★★★,看过,
福尔摩斯先生,https://movie.douban.com/subject/25727048/,2015-10-18,★★★,看过,
蚁人,https://movie.douban.com/subject/1866473/,2015-10-17,★★★,看过,
水滴,https://movie.douban.com/subject/26613444/,2015-10-17,★★★★,看过,
敲敲门,https://movie.douban.com/subject/25860868/,2015-10-15,★★,看过,
滚蛋吧！肿瘤君,https://movie.douban.com/subject/26289144/,2015-10-12,★★★,看过,
鬼打鬼,https://movie.douban.com/subject/1422908/,2015-10-11,,看过,
黑社会,https://movie.douban.com/subject/1309220/,2015-10-11,★★★★,看过,
精英部队,https://movie.douban.com/subject/2284851/,2015-10-07,★★★,看过,
花与爱丽丝,https://movie.douban.com/subject/1308820/,2015-10-06,★★★★,看过,
战栗空间,https://movie.douban.com/subject/1306911/,2015-10-06,★★,看过,
十二宫,https://movie.douban.com/subject/1781126/,2015-10-05,★★★,看过,
狙击电话亭,https://movie.douban.com/subject/1303246/,2015-10-04,★★★,看过,
解救吾先生,https://movie.douban.com/subject/25798448/,2015-10-02,★★★,看过,
头脑特工队,https://movie.douban.com/subject/10533913/,2015-10-02,★★★★,看过,
十二公民,https://movie.douban.com/subject/24875534/,2015-09-30,★★★★★,看过,
碟中谍5：神秘国度,https://movie.douban.com/subject/10727641/,2015-09-26,★★,看过,
异次元骇客,https://movie.douban.com/subject/1300282/,2015-09-20,★★★,看过,
卧虎藏龙,https://movie.douban.com/subject/1301168/,2015-09-20,★★★★,看过,
追风筝的人,https://movie.douban.com/subject/1937502/,2015-09-15,★★★,看过,
破风,https://movie.douban.com/subject/25853727/,2015-09-13,★★★,看过,
土拨鼠之日,https://movie.douban.com/subject/1300613/,2015-09-05,★★★,看过,
7号房的礼物,https://movie.douban.com/subject/10777687/,2015-09-05,★★★★,看过,
如晴天，似雨天,https://movie.douban.com/subject/25738406/,2015-09-04,★★★★,看过,
铁拳,https://movie.douban.com/subject/5446197/,2015-08-29,★★★,看过,
烈日灼心,https://movie.douban.com/subject/24719063/,2015-08-28,★★,看过,
末日崩塌,https://movie.douban.com/subject/25786077/,2015-08-27,★★★,看过,
我们的孩子足够坚强吗？中式学校,https://movie.douban.com/subject/26581040/,2015-08-20,★★★,看过,
百元之恋,https://movie.douban.com/subject/25761178/,2015-08-17,★★★,看过,
道士下山,https://movie.douban.com/subject/24879839/,2015-08-06,★,看过,
女间谍,https://movie.douban.com/subject/25752261/,2015-07-16,★★★,看过,
大闹天宫,https://movie.douban.com/subject/1418019/,2015-07-14,★★★★★,看过,
杀破狼2,https://movie.douban.com/subject/23788440/,2015-06-30,★★,看过,
疯狂的麦克斯4：狂暴之路,https://movie.douban.com/subject/3592854/,2015-06-24,★★★★★,看过,
我是谁：没有绝对安全的系统,https://movie.douban.com/subject/25932086/,2015-06-22,★★★★,看过,
贝利叶一家,https://movie.douban.com/subject/25855951/,2015-06-21,★★★★,看过,
老爷车,https://movie.douban.com/subject/3026357/,2015-06-15,★★★,看过,
麦克法兰,https://movie.douban.com/subject/11520649/,2015-06-14,★★★,看过,
侏罗纪世界,https://movie.douban.com/subject/10440138/,2015-06-13,★★★,看过,
外出,https://movie.douban.com/subject/1422089/,2015-06-10,★★,看过,
水果硬糖,https://movie.douban.com/subject/1484091/,2015-06-07,★★,看过,
侧耳倾听,https://movie.douban.com/subject/1297052/,2015-06-01,★★★★,看过,
终极面试,https://movie.douban.com/subject/3150816/,2015-05-28,★,看过,
第四类接触,https://movie.douban.com/subject/3041261/,2015-05-25,★★,看过,
复仇者联盟2：奥创纪元,https://movie.douban.com/subject/10741834/,2015-05-13,★★★,看过,
两天一夜,https://movie.douban.com/subject/21624974/,2015-05-09,★★★,看过,
超能查派,https://movie.douban.com/subject/6846893/,2015-05-06,★★,看过,
亲爱的,https://movie.douban.com/subject/25798222/,2015-05-05,★★★★,看过,
完美的世界,https://movie.douban.com/subject/1300992/,2015-05-05,★★★★,看过,
天下无贼,https://movie.douban.com/subject/1291550/,2015-04-27,★★,看过,
集结号,https://movie.douban.com/subject/1907464/,2015-04-27,★★,看过,
心脏移植医师,https://movie.douban.com/subject/26200413/,2015-04-25,★★★,看过,
战狼,https://movie.douban.com/subject/24753810/,2015-04-22,★★,看过,
通天塔,https://movie.douban.com/subject/1498818/,2015-04-22,★★★★,看过,
警界争雄,https://movie.douban.com/subject/1316561/,2015-04-20,★★★,看过,
给我一个爸,https://movie.douban.com/subject/1303026/,2015-04-19,★★★,看过,
速度与激情7,https://movie.douban.com/subject/23761370/,2015-04-19,★★★,看过,
梦与狂想的王国,https://movie.douban.com/subject/24851523/,2015-04-18,★★★★,看过,
一一,https://movie.douban.com/subject/1292434/,2015-04-16,★★★★★,看过,
爱你，罗茜,https://movie.douban.com/subject/5153254/,2015-04-10,★★★,看过,
我是山姆,https://movie.douban.com/subject/1306861/,2015-04-07,★★★,看过,
浪潮,https://movie.douban.com/subject/2297265/,2015-04-06,★★★★★,看过,
战争之王,https://movie.douban.com/subject/1419936/,2015-04-05,★★★★,看过,
幻影凶间,https://movie.douban.com/subject/1793903/,2015-04-05,★★,看过,
《星际穿越》中的科学,https://movie.douban.com/subject/26263467/,2015-03-30,★★,看过,
情书,https://movie.douban.com/subject/1292220/,2015-03-30,★★★★,看过,
王牌特工：特工学院,https://movie.douban.com/subject/24405378/,2015-03-28,★★★,看过,
偷心,https://movie.douban.com/subject/1308974/,2015-03-19,★★★,看过,
伊甸湖,https://movie.douban.com/subject/3011997/,2015-03-15,★★★,看过,
横道世之介,https://movie.douban.com/subject/10484041/,2015-03-15,★★★★★,看过,
公主日记,https://movie.douban.com/subject/1305065/,2015-03-09,★★★,看过,
纸牌屋 第三季,https://movie.douban.com/subject/25823412/,2015-03-07,★★★★,看过,
霸王别姬,https://movie.douban.com/subject/1291546/,2015-03-01,★★★★★,看过,
冬眠,https://movie.douban.com/subject/21770915/,2015-02-28,★★★★,看过,
互联网之子,https://movie.douban.com/subject/25785114/,2015-02-26,,看过,
智取威虎山,https://movie.douban.com/subject/10807909/,2015-02-24,★★★,看过,
刺猬的优雅,https://movie.douban.com/subject/3824274/,2015-02-23,,看过,
无声言证,https://movie.douban.com/subject/1305858/,2015-02-23,★★,看过,
狐狸猎手,https://movie.douban.com/subject/3011022/,2015-02-22,★★★,看过,
恐怖直播,https://movie.douban.com/subject/21360417/,2015-02-21,★★★★,看过,
法官老爹,https://movie.douban.com/subject/10546747/,2015-02-21,★★★,看过,
夜行者,https://movie.douban.com/subject/25750969/,2015-02-08,★★★★,看过,
哪啊哪啊神去村,https://movie.douban.com/subject/24741412/,2015-02-08,★★★★,看过,
坚不可摧,https://movie.douban.com/subject/10548265/,2015-01-25,★★,看过,
无人引航,https://movie.douban.com/subject/10754780/,2015-01-25,★★★,看过,
游客,https://movie.douban.com/subject/7155005/,2015-01-24,★★★★★,看过,
一步之遥,https://movie.douban.com/subject/6126442/,2015-01-24,,看过,
华尔街：金钱永不眠,https://movie.douban.com/subject/3103683/,2015-01-24,★★,看过,
哆啦A梦：伴我同行,https://movie.douban.com/subject/25769362/,2015-01-24,★★★★★,看过,
海豚的故事,https://movie.douban.com/subject/4196245/,2015-01-23,★★★★,看过,
捕捉阿凡达,https://movie.douban.com/subject/5385051/,2015-01-19,★★★★,看过,
前目的地,https://movie.douban.com/subject/20278505/,2015-01-18,★★★,看过,
辉夜姬物语,https://movie.douban.com/subject/4099231/,2015-01-18,★★★★,看过,
美国狙击手,https://movie.douban.com/subject/21263666/,2015-01-17,★★★★,看过,
鸟人,https://movie.douban.com/subject/20438962/,2015-01-17,,看过,
孤独的美食家 第四季,https://movie.douban.com/subject/25890096/,2015-01-17,★★★★,看过,
超能陆战队,https://movie.douban.com/subject/11026735/,2015-01-17,★★★★,看过,
万物理论,https://movie.douban.com/subject/24815950/,2015-01-13,★★★★,看过,
模仿游戏,https://movie.douban.com/subject/10463953/,2015-01-12,★★★,看过,
岳父岳母真难当,https://movie.douban.com/subject/25867546/,2015-01-11,★★★,看过,
爆裂鼓手,https://movie.douban.com/subject/25773932/,2015-01-11,★★★★★,看过,
一个人的武林,https://movie.douban.com/subject/24695277/,2015-01-11,★★★,看过,
狂怒,https://movie.douban.com/subject/23331914/,2015-01-10,★★★,看过,
霍比特人3：五军之战,https://movie.douban.com/subject/2973079/,2015-01-10,★★★★,看过,
孤独的美食家 第三季,https://movie.douban.com/subject/24700696/,2015-01-06,★★★★★,看过,
匆匆那年,https://movie.douban.com/subject/25779218/,2015-01-06,★★,看过,
惊曝内幕,https://movie.douban.com/subject/1292660/,2014-12-31,★★★★,看过,
为黛西小姐开车,https://movie.douban.com/subject/1293204/,2014-12-27,★★★,看过,
朱诺,https://movie.douban.com/subject/2132495/,2014-12-26,★★★,看过,
十二怒汉,https://movie.douban.com/subject/1293182/,2014-12-25,★★★★★,看过,
不可饶恕,https://movie.douban.com/subject/1293566/,2014-12-22,★★★★,看过,
黑镜：圣诞特别篇,https://movie.douban.com/subject/25964630/,2014-12-18,★★★,看过,
彗星来的那一夜,https://movie.douban.com/subject/25807345/,2014-12-16,★★★★,看过,
孤儿怨,https://movie.douban.com/subject/3011308/,2014-12-15,★★★★,看过,
天堂电影院,https://movie.douban.com/subject/1291828/,2014-12-13,★★★★★,看过,
消失的爱人,https://movie.douban.com/subject/21318488/,2014-12-13,★★★,看过,
心花路放,https://movie.douban.com/subject/25717233/,2014-12-07,★,看过,
神雕侠侣,https://movie.douban.com/subject/21356399/,2014-12-04,★,看过,
星球大战3：绝地归来,https://movie.douban.com/subject/1297151/,2014-12-01,★★★★★,看过,
星球大战2：帝国反击战,https://movie.douban.com/subject/1296528/,2014-11-30,★★★★★,看过,
星球大战,https://movie.douban.com/subject/1293838/,2014-11-30,★★★★★,看过,
黄飞鸿之英雄有梦,https://movie.douban.com/subject/25444447/,2014-11-28,★,看过,
摩登家庭  第三季,https://movie.douban.com/subject/6729121/,2014-11-25,★★★★,看过,
生活大爆炸 第六季,https://movie.douban.com/subject/10561953/,2014-11-22,★★★★,看过,
生活大爆炸 第七季,https://movie.douban.com/subject/21339708/,2014-11-22,★★★,看过,
了解宇宙是如何运行的 第一季,https://movie.douban.com/subject/10464515/,2014-11-21,★★★★★,看过,
潜伏2,https://movie.douban.com/subject/10485526/,2014-11-21,★★★★,看过,
摩登家庭 第二季,https://movie.douban.com/subject/4904662/,2014-11-19,★★★★,看过,
万能钥匙,https://movie.douban.com/subject/1418752/,2014-11-18,★★,看过,
污泥,https://movie.douban.com/subject/6800483/,2014-11-16,,看过,
星际穿越,https://movie.douban.com/subject/1889243/,2014-11-16,★★★★★,看过,
摩登家庭 第一季,https://movie.douban.com/subject/3754382/,2014-11-12,★★★★★,看过,
黑暗面,https://movie.douban.com/subject/6536180/,2014-11-09,★★★★,看过,
再次出发之纽约遇见你,https://movie.douban.com/subject/6874403/,2014-11-03,★★★★★,看过,
曾经,https://movie.douban.com/subject/2053515/,2014-11-03,★★★★★,看过,
死寂,https://movie.douban.com/subject/1895120/,2014-11-02,★★★,看过,
潜伏,https://movie.douban.com/subject/4817901/,2014-11-01,★★★★,看过,
招魂,https://movie.douban.com/subject/3804629/,2014-11-01,★★★★,看过,
猩球崛起2：黎明之战,https://movie.douban.com/subject/7046723/,2014-10-28,★★★★,看过,
忍者神龟：变种时代,https://movie.douban.com/subject/3217149/,2014-10-27,★★,看过,
无人知晓,https://movie.douban.com/subject/1292337/,2014-10-27,★★★★★,看过,
星际漫游,https://movie.douban.com/subject/2172918/,2014-10-26,★★★★★,看过,
秋天里的春光,https://movie.douban.com/subject/1308173/,2014-10-26,★★★,看过,
神迹,https://movie.douban.com/subject/1401196/,2014-10-23,★★★★,看过,
辛德勒的名单,https://movie.douban.com/subject/1295124/,2014-10-19,★★★★★,看过,
催眠大师,https://movie.douban.com/subject/24743711/,2014-10-19,★,看过,
林中小屋,https://movie.douban.com/subject/3143676/,2014-10-19,★★★★,看过,
大撒把,https://movie.douban.com/subject/1309235/,2014-10-18,,看过,
素媛,https://movie.douban.com/subject/21937452/,2014-10-13,,看过,
银河护卫队,https://movie.douban.com/subject/7065154/,2014-10-11,★★★,看过,
真探 第一季,https://movie.douban.com/subject/10748120/,2014-10-09,★★★★★,看过,
时间简史,https://movie.douban.com/subject/1422895/,2014-10-07,,看过,
虎兄虎弟,https://movie.douban.com/subject/1309135/,2014-10-01,★★★,看过,
匆匆那年,https://movie.douban.com/subject/25840705/,2014-09-30,,看过,
罪恶之城2,https://movie.douban.com/subject/1428055/,2014-09-27,★★★,看过,
深海长眠,https://movie.douban.com/subject/1309003/,2014-09-22,,看过,
变形金刚4：绝迹重生,https://movie.douban.com/subject/7054604/,2014-09-17,★★,看过,
驯龙高手2,https://movie.douban.com/subject/4824512/,2014-09-16,★★★★,看过,
明日边缘,https://movie.douban.com/subject/4746257/,2014-09-15,★★★★,看过,
星运里的错,https://movie.douban.com/subject/22733673/,2014-09-14,★★★,看过,
看车人的七月,https://movie.douban.com/subject/1915342/,2014-08-24,★★★★★,看过,
哥斯拉,https://movie.douban.com/subject/2063914/,2014-08-23,★★★,看过,
孤独的美食家 第二季,https://movie.douban.com/subject/11636402/,2014-08-20,★★★★,看过,
敢死队3,https://movie.douban.com/subject/11610281/,2014-08-17,★★,看过,
北极故事,https://movie.douban.com/subject/2111619/,2014-08-17,★★★★,看过,
教父3,https://movie.douban.com/subject/1294240/,2014-08-17,★★★★★,看过,
教父2,https://movie.douban.com/subject/1299131/,2014-08-17,★★★★★,看过,
孤独的美食家 第一季,https://movie.douban.com/subject/7065168/,2014-08-11,★★★★,看过,
托斯卡纳艳阳下,https://movie.douban.com/subject/1307052/,2014-08-10,★★,看过,
向阳处的她,https://movie.douban.com/subject/20426995/,2014-08-08,★★★,看过,
深夜食堂2,https://movie.douban.com/subject/6796133/,2014-08-05,★★★,看过,
少年斯派维的奇异旅行,https://movie.douban.com/subject/6985803/,2014-08-03,★★★★,看过,
深夜食堂,https://movie.douban.com/subject/3991933/,2014-07-28,★★★★,看过,
假如爱有天意,https://movie.douban.com/subject/1304073/,2014-07-28,★★★★★,看过,
街角洋果子店,https://movie.douban.com/subject/4830911/,2014-07-27,★★★,看过,
小时代3：刺金时代,https://movie.douban.com/subject/24847340/,2014-07-24,★,看过,
朝圣之路,https://movie.douban.com/subject/3750104/,2014-07-21,★★★,看过,
布达佩斯大饭店,https://movie.douban.com/subject/11525673/,2014-07-15,,看过,
起风了,https://movie.douban.com/subject/6791750/,2014-07-08,★★★★,看过,
蜂鸟特攻,https://movie.douban.com/subject/10487568/,2014-07-05,★★,看过,
秘密特工,https://movie.douban.com/subject/10485916/,2014-06-24,★★★★,看过,
天使爱美丽,https://movie.douban.com/subject/1292215/,2014-06-22,★★★,看过,
风雨哈佛路,https://movie.douban.com/subject/1433990/,2014-06-09,★★,看过,
迷雾,https://movie.douban.com/subject/1945330/,2014-06-07,★★★,看过,
忠犬八公的故事,https://movie.douban.com/subject/3011091/,2014-06-05,★★★★,看过,
杀戮,https://movie.douban.com/subject/4913185/,2014-06-04,★★★,看过,
百变星君,https://movie.douban.com/subject/1300498/,2014-06-03,,看过,
整蛊专家,https://movie.douban.com/subject/1299680/,2014-06-03,,看过,
武状元苏乞儿,https://movie.douban.com/subject/1297863/,2014-06-03,,看过,
非诚勿扰,https://movie.douban.com/subject/3313801/,2014-06-03,★,看过,
的士速递3,https://movie.douban.com/subject/1308156/,2014-06-03,,看过,
鹿鼎记2,https://movie.douban.com/subject/1306951/,2014-06-03,,看过,
A计划,https://movie.douban.com/subject/1297909/,2014-06-03,,看过,
赌神,https://movie.douban.com/subject/1300883/,2014-06-03,,看过,
金玉满堂,https://movie.douban.com/subject/1295374/,2014-06-03,★★★★★,看过,
小鬼当街,https://movie.douban.com/subject/1299952/,2014-06-03,,看过,
九品芝麻官,https://movie.douban.com/subject/1297518/,2014-06-03,,看过,
唐伯虎点秋香,https://movie.douban.com/subject/1306249/,2014-06-03,,看过,
大话西游之月光宝盒,https://movie.douban.com/subject/1299398/,2014-06-03,★★★★★,看过,
宝贝计划,https://movie.douban.com/subject/1859036/,2014-06-03,★★★,看过,
落叶归根,https://movie.douban.com/subject/1853621/,2014-06-03,,看过,
加菲猫2,https://movie.douban.com/subject/1760104/,2014-06-03,,看过,
手机,https://movie.douban.com/subject/1308747/,2014-06-03,★★,看过,
小鬼当家3,https://movie.douban.com/subject/1295340/,2014-06-03,★★★★,看过,
功夫,https://movie.douban.com/subject/1291543/,2014-06-03,★★★★★,看过,
的士速递2,https://movie.douban.com/subject/1302271/,2014-06-03,,看过,
小鬼当家2,https://movie.douban.com/subject/1293353/,2014-06-03,★★★★,看过,
鹿鼎记,https://movie.douban.com/subject/1297223/,2014-06-03,,看过,
疯狂的石头,https://movie.douban.com/subject/1862151/,2014-06-03,★★★,看过,
甲方乙方,https://movie.douban.com/subject/1303173/,2014-06-03,★★★★,看过,
魔鬼代言人,https://movie.douban.com/subject/1298909/,2014-06-03,★★★★,看过,
纸牌屋 第二季,https://movie.douban.com/subject/22523356/,2014-06-02,★★★,看过,
纸牌屋 第一季,https://movie.douban.com/subject/6037429/,2014-06-02,★★★,看过,
换子疑云,https://movie.douban.com/subject/2028666/,2014-06-02,★★★★,看过,
X战警：逆转未来,https://movie.douban.com/subject/10485647/,2014-05-24,★★★,看过,
机械战警,https://movie.douban.com/subject/3077742/,2014-05-18,★★,看过,
欢迎来北方,https://movie.douban.com/subject/2988103/,2014-05-12,★★★★★,看过,
小岛惊魂,https://movie.douban.com/subject/1301459/,2014-05-11,★★★,看过,
超凡蜘蛛侠2,https://movie.douban.com/subject/6082518/,2014-05-06,★★★,看过,
黑衣人2,https://movie.douban.com/subject/1295280/,2014-05-03,★★★,看过,
第五元素,https://movie.douban.com/subject/1293531/,2014-05-03,★★★★,看过,
热血警探,https://movie.douban.com/subject/1806555/,2014-05-01,★★★★,看过,
如父如子,https://movie.douban.com/subject/10571509/,2014-04-28,★★★,看过,
一次别离,https://movie.douban.com/subject/5964718/,2014-04-24,★★★★,看过,
最佳出价,https://movie.douban.com/subject/7059671/,2014-04-22,★★★★,看过,
冰雪奇缘,https://movie.douban.com/subject/4202982/,2014-04-21,★★★,看过,
扫毒,https://movie.douban.com/subject/10763164/,2014-04-21,★★★,看过,
白日梦想家,https://movie.douban.com/subject/2133323/,2014-04-20,★★★★★,看过,
美国队长2,https://movie.douban.com/subject/6390823/,2014-04-18,★★★★,看过,
费城故事,https://movie.douban.com/subject/1293145/,2014-03-09,★★★,看过,
豪斯医生  第二季,https://movie.douban.com/subject/3002885/,2014-03-03,★★★,看过,
迫在眉梢,https://movie.douban.com/subject/1306439/,2014-02-23,★★★★,看过,
豪斯医生 第一季,https://movie.douban.com/subject/1442129/,2014-02-17,★★★★,看过,
她,https://movie.douban.com/subject/6722879/,2014-02-11,★★★,看过,
最后的维加斯,https://movie.douban.com/subject/3014557/,2014-02-09,★★★,看过,
我会好起来,https://movie.douban.com/subject/1872253/,2014-02-09,★★★★,看过,
美丽人生,https://movie.douban.com/subject/1292063/,2014-02-06,★★★★★,看过,
分手信,https://movie.douban.com/subject/3078517/,2014-02-06,,看过,
哈尔的移动城堡,https://movie.douban.com/subject/1308807/,2014-02-06,★★★★★,看过,
大话西游之大圣娶亲,https://movie.douban.com/subject/1292213/,2014-02-06,★★★★★,看过,
放牛班的春天,https://movie.douban.com/subject/1291549/,2014-02-06,★★★★★,看过,
青蛇,https://movie.douban.com/subject/1303394/,2014-02-06,,看过,
美国X档案,https://movie.douban.com/subject/1293527/,2014-02-06,★★★,看过,
城市之光,https://movie.douban.com/subject/1293908/,2014-02-06,★★★★,看过,
新龙门客栈,https://movie.douban.com/subject/1292287/,2014-02-06,★★★★,看过,
英国病人,https://movie.douban.com/subject/1291853/,2014-02-06,★★★,看过,
倩女幽魂,https://movie.douban.com/subject/1297447/,2014-02-06,★★★,看过,
就是这样,https://movie.douban.com/subject/3920977/,2014-02-06,★★★★★,看过,
摩登时代,https://movie.douban.com/subject/1294371/,2014-02-06,★★★★,看过,
狩猎,https://movie.douban.com/subject/6985810/,2014-02-06,★★★★★,看过,
饮食男女,https://movie.douban.com/subject/1291818/,2014-02-03,★★★★★,看过,
安德的游戏,https://movie.douban.com/subject/5323957/,2014-02-01,★★★★,看过,
菲利普船长,https://movie.douban.com/subject/4116480/,2014-01-21,★★★★,看过,
为奴十二年,https://movie.douban.com/subject/6879185/,2014-01-19,★★★★,看过,
卢浮宫的珍宝,https://movie.douban.com/subject/21870849/,2014-01-19,★★★,看过,
冰血暴,https://movie.douban.com/subject/1292067/,2014-01-19,★★★,看过,
达拉斯买家俱乐部,https://movie.douban.com/subject/1793929/,2014-01-18,★★★★,看过,
华尔街之狼,https://movie.douban.com/subject/2997076/,2014-01-18,★★★,看过,
金蝉脱壳,https://movie.douban.com/subject/3025447/,2014-01-16,★★★,看过,
鬼影,https://movie.douban.com/subject/1773217/,2014-01-15,,看过,
极速风流,https://movie.douban.com/subject/6803494/,2014-01-14,★★★★★,看过,
灵动：鬼影实录4,https://movie.douban.com/subject/10429695/,2014-01-14,★★★,看过,
神探夏洛克 第三季,https://movie.douban.com/subject/10455629/,2014-01-14,★★★★,看过,
死亡录像2,https://movie.douban.com/subject/3105162/,2014-01-12,★★★,看过,
死亡录像,https://movie.douban.com/subject/2255841/,2014-01-12,★★★★,看过,
白宫管家,https://movie.douban.com/subject/3292949/,2014-01-11,★★★★,看过,
时空恋旅人,https://movie.douban.com/subject/10577869/,2014-01-11,★★,看过,
黑鲸,https://movie.douban.com/subject/20415226/,2014-01-11,★★★,看过,
魔女嘉莉,https://movie.douban.com/subject/6874441/,2014-01-10,★★★,看过,
霍比特人2：史矛革之战,https://movie.douban.com/subject/11606328/,2014-01-01,★★★★★,看过,
全民目击,https://movie.douban.com/subject/11510624/,2014-01-01,★,看过,
唐璜,https://movie.douban.com/subject/10482125/,2013-12-29,★★,看过,
私人订制,https://movie.douban.com/subject/10605978/,2013-12-28,★,看过,
伯纳德行动,https://movie.douban.com/subject/2381810/,2013-12-24,★★★★,看过,
赛末点,https://movie.douban.com/subject/1433577/,2013-12-23,★★★★,看过,
爱在罗马,https://movie.douban.com/subject/6128003/,2013-12-22,★★★★,看过,
燃情岁月,https://movie.douban.com/subject/1295865/,2013-12-19,★★★★,看过,
国土安全 第三季,https://movie.douban.com/subject/20285048/,2013-12-17,★★★★,看过,
天伦之旅,https://movie.douban.com/subject/3041749/,2013-12-17,★★★,看过,
穆赫兰道,https://movie.douban.com/subject/1292217/,2013-12-15,★★★★,看过,
无人区,https://movie.douban.com/subject/3804891/,2013-12-14,★★,看过,
囚徒,https://movie.douban.com/subject/3592859/,2013-12-09,★★★★,看过,
卢旺达饭店,https://movie.douban.com/subject/1291822/,2013-12-07,★★★★★,看过,
在劫难逃,https://movie.douban.com/subject/4308001/,2013-12-06,★★,看过,
王牌对王牌,https://movie.douban.com/subject/1293434/,2013-12-06,★★★★,看过,
我亲爱的祖国,https://movie.douban.com/subject/2245699/,2013-12-04,★★★★,看过,
洛城机密,https://movie.douban.com/subject/1292348/,2013-12-01,★★★★★,看过,
人类之子,https://movie.douban.com/subject/1478064/,2013-11-28,,看过,
好家伙,https://movie.douban.com/subject/1292268/,2013-11-28,,看过,
饥饿游戏,https://movie.douban.com/subject/3592853/,2013-11-28,,看过,
林来疯,https://movie.douban.com/subject/20398972/,2013-11-25,★★★,看过,
地心引力,https://movie.douban.com/subject/3793783/,2013-11-20,★★★,看过,
极乐空间,https://movie.douban.com/subject/4116481/,2013-11-18,★★★,看过,
午夜巴塞罗那,https://movie.douban.com/subject/1981242/,2013-11-17,★★★,看过,
四月物语,https://movie.douban.com/subject/1292371/,2013-11-16,★★★★,看过,
雷神2：黑暗世界,https://movie.douban.com/subject/6560058/,2013-11-16,★★★,看过,
特殊身份,https://movie.douban.com/subject/23126901/,2013-11-10,★★,看过,
猫鼠游戏,https://movie.douban.com/subject/1305487/,2013-11-10,★★★★,看过,
金刚狼2,https://movie.douban.com/subject/3718424/,2013-11-09,★★★,看过,
高三,https://movie.douban.com/subject/1761854/,2013-11-09,★★★★,看过,
终极标靶,https://movie.douban.com/subject/1295871/,2013-11-01,★★★★,看过,
花豹女王,https://movie.douban.com/subject/6872280/,2013-11-01,★★★★★,看过,
时时刻刻,https://movie.douban.com/subject/1305666/,2013-10-28,★★★★,看过,
暖暖内含光,https://movie.douban.com/subject/1308777/,2013-10-22,★★★,看过,
怎样都行,https://movie.douban.com/subject/3007825/,2013-10-21,★★★★,看过,
风起云涌,https://movie.douban.com/subject/2271636/,2013-10-19,,看过,
惊天危机,https://movie.douban.com/subject/10746175/,2013-10-19,★★★★,看过,
登堂入室,https://movie.douban.com/subject/6537486/,2013-10-13,★★★★,看过,
绝命毒师 第一季,https://movie.douban.com/subject/2373195/,2013-10-09,★★★★,看过,
终级工厂 第一季,https://movie.douban.com/subject/2160085/,2013-10-07,★★★,看过,
遗落战境,https://movie.douban.com/subject/3895511/,2013-10-07,★★★,看过,
故宫,https://movie.douban.com/subject/1439452/,2013-10-07,★★★,看过,
黑镜 第二季,https://movie.douban.com/subject/11502153/,2013-10-07,★★★,看过,
大卫·戈尔的一生,https://movie.douban.com/subject/1305725/,2013-10-07,★★★★,看过,
恐怖游轮,https://movie.douban.com/subject/3011051/,2013-10-06,★★★★,看过,
教父,https://movie.douban.com/subject/1291841/,2013-10-05,★★★★★,看过,
死亡诗社,https://movie.douban.com/subject/1291548/,2013-10-04,★★★★,看过,
激战,https://movie.douban.com/subject/20388223/,2013-10-04,★★,看过,
星际迷航2：暗黑无界,https://movie.douban.com/subject/3642843/,2013-09-19,★★★,看过,
了不起的盖茨比,https://movie.douban.com/subject/3364223/,2013-09-02,★★★,看过,
惊天魔盗团,https://movie.douban.com/subject/6517421/,2013-08-25,★★★★,看过,
小时代2：青木时代,https://movie.douban.com/subject/24721493/,2013-08-19,★,看过,
僵尸世界大战,https://movie.douban.com/subject/2132473/,2013-08-05,★★★★,看过,
超人：钢铁之躯,https://movie.douban.com/subject/2049435/,2013-08-04,★★★★,看过,
环太平洋,https://movie.douban.com/subject/5323968/,2013-08-02,★★★★,看过,
美国丽人,https://movie.douban.com/subject/1292062/,2013-07-28,★★★★,看过,
欧罗巴报告,https://movie.douban.com/subject/6857606/,2013-07-27,★★★★,看过,
恋恋笔记本,https://movie.douban.com/subject/1309163/,2013-07-15,★★★★,看过,
疯狂愚蠢的爱,https://movie.douban.com/subject/4215790/,2013-07-14,★★★,看过,
特种部队2：全面反击,https://movie.douban.com/subject/4301181/,2013-07-13,★★,看过,
疯狂原始人,https://movie.douban.com/subject/1907966/,2013-07-12,★★★★,看过,
小时代,https://movie.douban.com/subject/20376577/,2013-07-09,★,看过,
奥林匹斯的陷落,https://movie.douban.com/subject/10743974/,2013-07-07,★★★,看过,
速度与激情6,https://movie.douban.com/subject/6537500/,2013-07-05,★★★★,看过,
中国合伙人,https://movie.douban.com/subject/11529526/,2013-06-30,★★★,看过,
毒战,https://movie.douban.com/subject/10344754/,2013-05-18,★★★★,看过,
北京遇上西雅图,https://movie.douban.com/subject/10574468/,2013-05-06,★★★,看过,
勇敢的心,https://movie.douban.com/subject/1294639/,2013-05-01,★★★,看过,
侠探杰克,https://movie.douban.com/subject/3231740/,2013-05-01,★★,看过,
钢铁侠3,https://movie.douban.com/subject/3231742/,2013-05-01,★★★,看过,
实习医生格蕾 第一季,https://movie.douban.com/subject/1395471/,2013-04-26,★★★★,看过,
窃听风暴,https://movie.douban.com/subject/1900841/,2013-04-21,★★★★★,看过,
两杆大烟枪,https://movie.douban.com/subject/1293350/,2013-04-17,★★★★,看过,
女朋友，男朋友,https://movie.douban.com/subject/6829652/,2013-03-31,★★★,看过,
记忆碎片,https://movie.douban.com/subject/1304447/,2013-03-25,★★★★,看过,
僵尸肖恩,https://movie.douban.com/subject/1308755/,2013-03-23,★★★,看过,
破釜沉舟,https://movie.douban.com/subject/10535502/,2013-03-12,★★★,看过,
闻香识女人,https://movie.douban.com/subject/1298624/,2013-03-11,★★★★,看过,
暮光之城4：破晓(下),https://movie.douban.com/subject/4889554/,2013-03-09,★,看过,
迫降航班,https://movie.douban.com/subject/6390832/,2013-03-05,★★★★,看过,
海啸奇迹,https://movie.douban.com/subject/4832825/,2013-03-03,★★★,看过,
冲浪英豪,https://movie.douban.com/subject/5153883/,2013-03-03,★★★★,看过,
猎杀本·拉登,https://movie.douban.com/subject/6430835/,2013-03-02,★★★,看过,
美味关系,https://movie.douban.com/subject/2249526/,2013-02-26,★★★,看过,
猫和老鼠,https://movie.douban.com/subject/4321270/,2013-02-26,★★★★★,看过,
爱,https://movie.douban.com/subject/4798707/,2013-02-25,★★★★,看过,
霍比特人1：意外之旅,https://movie.douban.com/subject/1966182/,2013-02-24,★★★★★,看过,
记忆裂痕,https://movie.douban.com/subject/1308715/,2013-02-18,★★★★,看过,
壁花少年,https://movie.douban.com/subject/4847665/,2013-02-15,★★★★★,看过,
曲线难题,https://movie.douban.com/subject/6888712/,2013-02-15,★★★,看过,
训练日,https://movie.douban.com/subject/1304898/,2013-02-14,★★★,看过,
神探亨特张,https://movie.douban.com/subject/6880590/,2013-02-12,★★★,看过,
寒战,https://movie.douban.com/subject/6890730/,2013-02-12,★★★,看过,
十月的天空,https://movie.douban.com/subject/1293753/,2013-02-12,★★★★★,看过,
云图,https://movie.douban.com/subject/3530403/,2013-02-11,,看过,
血钻,https://movie.douban.com/subject/1428175/,2013-02-11,★★★★,看过,
乌云背后的幸福线,https://movie.douban.com/subject/3094909/,2013-02-11,★★★,看过,
南极料理人,https://movie.douban.com/subject/3399559/,2013-02-11,★★★,看过,
无敌破坏王,https://movie.douban.com/subject/6534248/,2013-02-07,★★★★★,看过,
逃离德黑兰,https://movie.douban.com/subject/6549903/,2013-01-20,★★★★,看过,
被解救的姜戈,https://movie.douban.com/subject/6307447/,2013-01-14,★★★★,看过,
林肯,https://movie.douban.com/subject/1889242/,2013-01-12,,看过,
007：大破天幕杀机,https://movie.douban.com/subject/2363876/,2013-01-11,★★,看过,
十二生肖,https://movie.douban.com/subject/4212172/,2013-01-08,★,看过,
人再囧途之泰囧,https://movie.douban.com/subject/10574622/,2013-01-04,★★,看过,
钢琴家,https://movie.douban.com/subject/1296736/,2013-01-03,★★★★,看过,
国土安全 第二季,https://movie.douban.com/subject/10429716/,2013-01-01,★★★★★,看过,
国土安全  第一季,https://movie.douban.com/subject/5413527/,2013-01-01,★★★★,看过,
西游记,https://movie.douban.com/subject/2156663/,2012-12-24,★★★★★,看过,
环形使者,https://movie.douban.com/subject/3179706/,2012-12-16,★★,看过,
谍影重重4,https://movie.douban.com/subject/3001077/,2012-12-12,★★,看过,
少年派的奇幻漂流,https://movie.douban.com/subject/1929463/,2012-12-07,★★★,看过,
全面回忆,https://movie.douban.com/subject/3569911/,2012-12-07,★★,看过,
我爱我家,https://movie.douban.com/subject/3901388/,2012-11-27,★★★★★,看过,
月神,https://movie.douban.com/subject/6313765/,2012-11-12,★★★★,看过,
一九四二,https://movie.douban.com/subject/6011805/,2012-11-05,★,看过,
活着,https://movie.douban.com/subject/1292365/,2012-10-30,★★★,看过,
庙街妈兄弟,https://movie.douban.com/subject/2287866/,2012-10-22,★★★,看过,
夺命金,https://movie.douban.com/subject/3532614/,2012-10-21,★★★,看过,
超凡蜘蛛侠,https://movie.douban.com/subject/2129132/,2012-10-20,★★★,看过,
东京残酷警察,https://movie.douban.com/subject/2980431/,2012-10-18,★★★★★,看过,
摔角王,https://movie.douban.com/subject/3007826/,2012-10-17,★★★★,看过,
敢死队2,https://movie.douban.com/subject/6040982/,2012-10-16,★★★,看过,
特种部队 第一季,https://movie.douban.com/subject/1897794/,2012-10-11,★★★★★,看过,
蝙蝠侠：黑暗骑士崛起,https://movie.douban.com/subject/3395373/,2012-09-22,★★★★★,看过,
黑衣人3,https://movie.douban.com/subject/3642835/,2012-09-15,★★★,看过,
普罗米修斯,https://movie.douban.com/subject/3771562/,2012-09-11,★★★★★,看过,
黄石公园,https://movie.douban.com/subject/3826156/,2012-08-28,★★★★,看过,
搜索,https://movie.douban.com/subject/6799191/,2012-08-15,★★★,看过,
那时的生命,https://movie.douban.com/subject/6008332/,2012-07-25,★★★,看过,
车手,https://movie.douban.com/subject/5319819/,2012-07-21,★★,看过,
北壁,https://movie.douban.com/subject/3271093/,2012-07-20,★★★★★,看过,
幽灵行动阿尔法,https://movie.douban.com/subject/10762817/,2012-07-17,★★★★,看过,
角斗士,https://movie.douban.com/subject/1293530/,2012-07-14,★★★★,看过,
画皮2,https://movie.douban.com/subject/4218768/,2012-07-05,★,看过,
97古惑仔战无不胜,https://movie.douban.com/subject/1293265/,2012-06-24,★★★,看过,
龙虎少年队,https://movie.douban.com/subject/3072889/,2012-06-19,★★★,看过,
食人鱼3DD,https://movie.douban.com/subject/5323911/,2012-06-10,★,看过,
X计划,https://movie.douban.com/subject/4810698/,2012-06-06,★★,看过,
桃姐,https://movie.douban.com/subject/5977835/,2012-06-03,★★★★,看过,
钢铁苍穹,https://movie.douban.com/subject/3103186/,2012-05-31,★,看过,
灵魂战车2：复仇时刻,https://movie.douban.com/subject/3077408/,2012-05-29,★★,看过,
灵魂战车,https://movie.douban.com/subject/1482077/,2012-05-29,★★★,看过,
谜一样的双眼,https://movie.douban.com/subject/4066125/,2012-05-26,★★★★,看过,
金陵十三钗,https://movie.douban.com/subject/3649049/,2012-05-22,★,看过,
黄金大劫案,https://movie.douban.com/subject/6080775/,2012-05-22,★,看过,
地心抢险记,https://movie.douban.com/subject/1300092/,2012-05-20,★★,看过,
超脱,https://movie.douban.com/subject/5322596/,2012-05-18,★★★★★,看过,
生活大爆炸  第五季,https://movie.douban.com/subject/6557005/,2012-05-14,★★★★,看过,
复仇者联盟,https://movie.douban.com/subject/1866479/,2012-05-12,★★★★★,看过,
超级战舰,https://movie.douban.com/subject/3742937/,2012-04-21,★★★,看过,
顽主,https://movie.douban.com/subject/1307690/,2012-04-21,★★★★,看过,
灵动：鬼影实录3,https://movie.douban.com/subject/5374152/,2012-04-14,★★★,看过,
羞耻,https://movie.douban.com/subject/5360890/,2012-04-14,★★★,看过,
晚秋,https://movie.douban.com/subject/4136036/,2012-04-02,★★★,看过,
雇佣人生,https://movie.douban.com/subject/3823425/,2012-03-31,★★★★★,看过,
我家买了动物园,https://movie.douban.com/subject/3578925/,2012-03-25,★★★★,看过,
天生杀人狂,https://movie.douban.com/subject/1292229/,2012-03-18,★★★★,看过,
蓝色大门,https://movie.douban.com/subject/1308575/,2012-03-17,★★★★★,看过,
生命之树,https://movie.douban.com/subject/2336735/,2012-03-12,★★★,看过,
铁娘子：坚固柔情,https://movie.douban.com/subject/3073158/,2012-03-12,★★★,看过,
青少年,https://movie.douban.com/subject/4728881/,2012-03-12,★★,看过,
虎口脱险,https://movie.douban.com/subject/1296909/,2012-03-11,,看过,
总统杀局,https://movie.douban.com/subject/3089571/,2012-03-11,★★★,看过,
战马,https://movie.douban.com/subject/4206436/,2012-03-10,★★★★,看过,
改编剧本,https://movie.douban.com/subject/1302193/,2012-03-05,★★★,看过,
锅匠，裁缝，士兵，间谍,https://movie.douban.com/subject/3338851/,2012-03-04,★★★★,看过,
和声,https://movie.douban.com/subject/4861627/,2012-03-04,★★★,看过,
触不可及,https://movie.douban.com/subject/6786002/,2012-03-04,★★★★★,看过,
艺术家,https://movie.douban.com/subject/6097775/,2012-03-01,★★★★★,看过,
人狼大战,https://movie.douban.com/subject/4319445/,2012-02-26,★★,看过,
第六感,https://movie.douban.com/subject/1297630/,2012-02-25,★★★★,看过,
黑镜 第一季,https://movie.douban.com/subject/7054120/,2012-02-24,★★★★★,看过,
胡佛,https://movie.douban.com/subject/4709671/,2012-02-20,★★★,看过,
雨果,https://movie.douban.com/subject/2028677/,2012-02-19,★★★,看过,
龙纹身的女孩,https://movie.douban.com/subject/4206357/,2012-02-17,★★★★,看过,
碟中谍4,https://movie.douban.com/subject/3068206/,2012-02-15,★★★★,看过,
海洋王国,https://movie.douban.com/subject/10453761/,2012-02-13,★★★★★,看过,
午夜巴黎,https://movie.douban.com/subject/4319218/,2012-02-05,★★★★,看过,
詹妮弗的肉体,https://movie.douban.com/subject/2295401/,2012-02-04,★,看过,
霍金传,https://movie.douban.com/subject/1482022/,2012-02-04,★★★★★,看过,
孤独,https://movie.douban.com/subject/1962623/,2012-02-02,★★★★★,看过,
暮光之城4：破晓(上),https://movie.douban.com/subject/3289081/,2012-01-29,★★,看过,
奇迹,https://movie.douban.com/subject/4832288/,2012-01-29,★★★★★,看过,
大侦探福尔摩斯2：诡影游戏,https://movie.douban.com/subject/4051753/,2012-01-25,★★,看过,
点球成金,https://movie.douban.com/subject/3023164/,2012-01-25,★★★★★,看过,
后裔,https://movie.douban.com/subject/3071509/,2012-01-25,★★★★,看过,
抗癌的我,https://movie.douban.com/subject/3263820/,2012-01-24,★★★★,看过,
神探夏洛克  第二季,https://movie.douban.com/subject/6522269/,2012-01-19,★★★★★,看过,
神探夏洛克 第一季,https://movie.douban.com/subject/3986493/,2012-01-08,★★★★,看过,
相助,https://movie.douban.com/subject/3792848/,2012-01-03,★★★★,看过,
荒野生存,https://movie.douban.com/subject/1905462/,2011-12-26,★★★,看过,
国家公敌,https://movie.douban.com/subject/1297544/,2011-12-25,★★★★,看过,
笑林小子,https://movie.douban.com/subject/1408312/,2011-12-25,★★★,看过,
决战犹马镇,https://movie.douban.com/subject/1793904/,2011-12-21,★★★★,看过,
寂静岭,https://movie.douban.com/subject/1466007/,2011-12-18,★★★★,看过,
勇士,https://movie.douban.com/subject/3217169/,2011-12-17,★★★★★,看过,
死神来了5,https://movie.douban.com/subject/4724373/,2011-12-11,★★★,看过,
那些年，我们一起追的女孩,https://movie.douban.com/subject/4920528/,2011-12-10,★★★,看过,
时间规划局,https://movie.douban.com/subject/4924142/,2011-12-09,★★★,看过,
浮生一日,https://movie.douban.com/subject/5387041/,2011-12-04,★★★★★,看过,
家庭作业,https://movie.douban.com/subject/4844903/,2011-11-29,★★★,看过,
白蛇传说,https://movie.douban.com/subject/4942778/,2011-11-27,★★★,看过,
一天,https://movie.douban.com/subject/4191644/,2011-11-26,★★★,看过,
八月迷情,https://movie.douban.com/subject/1844413/,2011-11-21,★★★★★,看过,
失恋33天,https://movie.douban.com/subject/4873490/,2011-11-20,★★,看过,
无间道风云,https://movie.douban.com/subject/1315316/,2011-11-20,★★,看过,
宿醉2,https://movie.douban.com/subject/3654340/,2011-11-17,★★★,看过,
迈克尔·杰克逊：偶像的一生,https://movie.douban.com/subject/6961193/,2011-11-17,★★★★,看过,
绿区,https://movie.douban.com/subject/2131649/,2011-11-13,★★★★,看过,
铁甲钢拳,https://movie.douban.com/subject/1972729/,2011-11-12,★★★★,看过,
胜利之光,https://movie.douban.com/subject/1308815/,2011-11-11,★★★★★,看过,
恐怖神棍节,https://movie.douban.com/subject/5353616/,2011-11-07,★★,看过,
鲨鱼惊魂夜,https://movie.douban.com/subject/4831508/,2011-11-06,★,看过,
阿波罗18号,https://movie.douban.com/subject/5365963/,2011-11-06,★★★★,看过,
另一个地球,https://movie.douban.com/subject/5160385/,2011-11-01,★★★,看过,
小兵张嘎,https://movie.douban.com/subject/1461964/,2011-10-31,★★★★★,看过,
一级恐惧,https://movie.douban.com/subject/1296217/,2011-10-31,★★★★,看过,
幸福59厘米之小马,https://movie.douban.com/subject/6858722/,2011-10-25,★★★,看过,
赛车总动员,https://movie.douban.com/subject/1428878/,2011-10-23,★★★★,看过,
恶老板,https://movie.douban.com/subject/4004715/,2011-10-23,★★,看过,
未竟一生,https://movie.douban.com/subject/1422947/,2011-10-23,★★★★,看过,
阳光姐妹淘,https://movie.douban.com/subject/4917726/,2011-10-20,★★★,看过,
天才瑞普利,https://movie.douban.com/subject/1295045/,2011-10-16,★★★★,看过,
美国队长,https://movie.douban.com/subject/2138838/,2011-10-16,★★★★,看过,
绿灯侠,https://movie.douban.com/subject/2364054/,2011-10-13,★★★,看过,
谍影重重3,https://movie.douban.com/subject/1578507/,2011-10-09,★★★★★,看过,
谍影重重2,https://movie.douban.com/subject/1308767/,2011-10-08,★★★★★,看过,
谍影重重,https://movie.douban.com/subject/1304102/,2011-10-08,★★★★★,看过,
亡命驾驶,https://movie.douban.com/subject/2010972/,2011-10-07,★★★,看过,
从今以后,https://movie.douban.com/subject/3025673/,2011-10-05,★★★★,看过,
夺命深渊,https://movie.douban.com/subject/3319741/,2011-10-04,★★★★,看过,
玩命追踪,https://movie.douban.com/subject/3238087/,2011-10-03,★★,看过,
当我们离开地球：美国国家航空航天局的太空行动,https://movie.douban.com/subject/3169632/,2011-09-26,★★★★★,看过,
钢的琴,https://movie.douban.com/subject/4876722/,2011-09-22,★★★★,看过,
朋友也上床,https://movie.douban.com/subject/4826330/,2011-09-18,★★★,看过,
93航班,https://movie.douban.com/subject/1588945/,2011-09-12,★★★★,看过,
谎言之躯,https://movie.douban.com/subject/2091015/,2011-09-11,★★★★,看过,
蝙蝠侠：黑暗骑士,https://movie.douban.com/subject/1851857/,2011-09-06,★★★★★,看过,
总统千金欧游记,https://movie.douban.com/subject/1308637/,2011-09-02,★★,看过,
你丫闭嘴！,https://movie.douban.com/subject/1303815/,2011-08-30,★★★,看过,
猩球崛起,https://movie.douban.com/subject/3274505/,2011-08-24,★★★★,看过,
窃听风云2,https://movie.douban.com/subject/5422105/,2011-08-24,★★★,看过,
海狸,https://movie.douban.com/subject/3282392/,2011-08-22,★★★★★,看过,
惊声尖叫4,https://movie.douban.com/subject/3148064/,2011-08-21,★★,看过,
哈利·波特与死亡圣器(下),https://movie.douban.com/subject/3011235/,2011-08-17,★★★,看过,
哈利·波特与死亡圣器(上),https://movie.douban.com/subject/2051007/,2011-08-16,★★★,看过,
哈利·波特与混血王子,https://movie.douban.com/subject/1433330/,2011-08-16,★★★,看过,
哈利·波特与凤凰社,https://movie.douban.com/subject/1457217/,2011-08-16,★★★,看过,
哈利·波特与火焰杯,https://movie.douban.com/subject/1309055/,2011-08-16,★★★,看过,
哈利·波特与阿兹卡班的囚徒,https://movie.douban.com/subject/1291544/,2011-08-16,★★★,看过,
哈利·波特与密室,https://movie.douban.com/subject/1296996/,2011-08-16,★★★,看过,
哈利·波特与魔法石,https://movie.douban.com/subject/1295038/,2011-08-16,★★★,看过,
初恋这件小事,https://movie.douban.com/subject/4739952/,2011-08-13,★★,看过,
新还珠格格,https://movie.douban.com/subject/4935039/,2011-08-11,★,看过,
超级八,https://movie.douban.com/subject/5503303/,2011-08-08,★★★,看过,
别拿自己不当干部,https://movie.douban.com/subject/1961844/,2011-08-07,★★★★,看过,
今晚带我回家,https://movie.douban.com/subject/2230893/,2011-08-01,★★★,看过,
永无止境,https://movie.douban.com/subject/3041269/,2011-08-01,★★★,看过,
变形金刚3,https://movie.douban.com/subject/3610047/,2011-07-23,★★★★★,看过,
X战警：第一战,https://movie.douban.com/subject/3168089/,2011-07-12,★★★★,看过,
嫌疑人X的献身,https://movie.douban.com/subject/2369845/,2011-07-10,★★★★★,看过,
奇幻人生,https://movie.douban.com/subject/1783462/,2011-07-03,★★★★,看过,
飞天,https://movie.douban.com/subject/6519585/,2011-07-01,★,看过,
保罗,https://movie.douban.com/subject/2999913/,2011-06-26,★★★★,看过,
飞越疯人院,https://movie.douban.com/subject/1292224/,2011-06-26,★★★★★,看过,
源代码,https://movie.douban.com/subject/3075287/,2011-06-21,★★★★,看过,
命运规划局,https://movie.douban.com/subject/3569943/,2011-06-19,★★★,看过,
再见我们的幼儿园,https://movie.douban.com/subject/5960606/,2011-06-19,★★★★,看过,
步履不停,https://movie.douban.com/subject/2222996/,2011-06-18,★★★★,看过,
闪电侠,https://movie.douban.com/subject/2346837/,2011-06-16,★★★★,看过,
建党伟业,https://movie.douban.com/subject/4073898/,2011-06-15,★,看过,
裸婚时代,https://movie.douban.com/subject/5958582/,2011-06-15,★★★,看过,
听说,https://movie.douban.com/subject/3824672/,2011-06-12,★★★★,看过,
宿醉,https://movie.douban.com/subject/3233761/,2011-06-10,★★★★,看过,
黄金罗盘,https://movie.douban.com/subject/1585146/,2011-05-29,★★★,看过,
功夫熊猫2,https://movie.douban.com/subject/3233635/,2011-05-28,★★★★,看过,
狂暴飞车,https://movie.douban.com/subject/4014405/,2011-05-27,★★★,看过,
生活大爆炸  第四季,https://movie.douban.com/subject/4804079/,2011-05-23,★★★,看过,
错爱,https://movie.douban.com/subject/2361528/,2011-05-23,★★★,看过,
左右,https://movie.douban.com/subject/2059225/,2011-05-23,★★★,看过,
监守自盗,https://movie.douban.com/subject/4843480/,2011-05-22,★★★★★,看过,
前度,https://movie.douban.com/subject/4709904/,2011-05-22,,看过,
里约大冒险,https://movie.douban.com/subject/3731581/,2011-05-22,★★★★,看过,
美错,https://movie.douban.com/subject/3008672/,2011-05-22,★★★★,看过,
菊次郎的夏天,https://movie.douban.com/subject/1293359/,2011-05-21,★★★★,看过,
神探,https://movie.douban.com/subject/2027938/,2011-05-19,★★★★★,看过,
速度与激情5,https://movie.douban.com/subject/4286017/,2011-05-14,★★★★,看过,
最爱,https://movie.douban.com/subject/4843637/,2011-05-13,★★,看过,
雷神,https://movie.douban.com/subject/1866471/,2011-05-08,★★★,看过,
爱情无线牵,https://movie.douban.com/subject/3652302/,2011-05-04,★★★,看过,
心慌方,https://movie.douban.com/subject/1305903/,2011-05-03,★★★★,看过,
惊天核网,https://movie.douban.com/subject/1306969/,2011-05-03,★★★★,看过,
比悲伤更悲伤的故事,https://movie.douban.com/subject/3805946/,2011-04-25,★★★,看过,
我脑中的橡皮擦,https://movie.douban.com/subject/1308804/,2011-04-25,★★★,看过,
我们的幸福时光,https://movie.douban.com/subject/1940094/,2011-04-25,★★★★,看过,
悲伤电影,https://movie.douban.com/subject/1459368/,2011-04-25,★★★★,看过,
爱，不爱,https://movie.douban.com/subject/5912977/,2011-04-25,★★★★,看过,
密室之不可告人,https://movie.douban.com/subject/4894075/,2011-04-24,★★★,看过,
李米的猜想,https://movie.douban.com/subject/3230459/,2011-04-24,★★★,看过,
赢家,https://movie.douban.com/subject/5954347/,2011-04-22,★★★,看过,
恐龙特急克塞号,https://movie.douban.com/subject/1872374/,2011-04-18,★★★★★,看过,
哈勃望远镜,https://movie.douban.com/subject/3725324/,2011-04-16,★★★★★,看过,
机械师,https://movie.douban.com/subject/1309160/,2011-04-16,★★★★,看过,
古惑仔3之只手遮天,https://movie.douban.com/subject/1301283/,2011-04-14,★★★,看过,
古惑仔2之猛龙过江,https://movie.douban.com/subject/1473074/,2011-04-14,★★★,看过,
古惑仔之人在江湖,https://movie.douban.com/subject/1433736/,2011-04-14,★★★★,看过,
极速60秒,https://movie.douban.com/subject/1298189/,2011-04-10,★★★★,看过,
黑鹰坠落,https://movie.douban.com/subject/1291824/,2011-04-04,★★★★,看过,
危情三日,https://movie.douban.com/subject/3808604/,2011-04-03,★★★★,看过,
预产期,https://movie.douban.com/subject/3071469/,2011-04-03,★★★,看过,
一小时快照,https://movie.douban.com/subject/1295883/,2011-03-29,★★★★,看过,
埃及艳后,https://movie.douban.com/subject/1292550/,2011-03-25,★★★,看过,
花水木,https://movie.douban.com/subject/4074009/,2011-03-19,★★★★,看过,
洛杉矶之战,https://movie.douban.com/subject/3041264/,2011-03-19,★★★★,看过,
好想告诉你,https://movie.douban.com/subject/4727460/,2011-03-19,★★★★,看过,
怪兽,https://movie.douban.com/subject/3871833/,2011-03-13,★★★,看过,
关键第四号,https://movie.douban.com/subject/3824339/,2011-03-12,★★★,看过,
创：战纪,https://movie.douban.com/subject/2997134/,2011-03-05,★★★,看过,
将爱情进行到底,https://movie.douban.com/subject/4896263/,2011-03-03,★★★,看过,
工业光魔：创造不可能,https://movie.douban.com/subject/5151820/,2011-03-03,★★★★,看过,
恋物,https://movie.douban.com/subject/3041201/,2011-02-26,★★,看过,
黑暗侵袭,https://movie.douban.com/subject/1437109/,2011-02-21,★★★★,看过,
蝙蝠侠：侠影之谜,https://movie.douban.com/subject/1309069/,2011-02-21,★★★★,看过,
铁拳男人,https://movie.douban.com/subject/1418519/,2011-02-21,★★★★,看过,
华氏9/11,https://movie.douban.com/subject/1308774/,2011-02-21,★★★★,看过,
后天,https://movie.douban.com/subject/1308779/,2011-02-21,★★★,看过,
太极旗飘扬,https://movie.douban.com/subject/1304972/,2011-02-21,★★★,看过,
百万美元宝贝,https://movie.douban.com/subject/1309016/,2011-02-21,★★★★★,看过,
一个陌生女人的来信,https://movie.douban.com/subject/1308799/,2011-02-21,★★★,看过,
危情时速,https://movie.douban.com/subject/3011459/,2011-02-20,★★★★,看过,
大鱼,https://movie.douban.com/subject/1291545/,2011-02-20,★★★★,看过,
低俗小说,https://movie.douban.com/subject/1291832/,2011-02-19,★★★★★,看过,
怦然心动,https://movie.douban.com/subject/3319755/,2011-02-19,★★★★,看过,
崖上的波妞,https://movie.douban.com/subject/1959877/,2011-02-19,★★★,看过,
绯闻计划,https://movie.douban.com/subject/3213173/,2011-02-18,★★,看过,
007之择日而亡,https://movie.douban.com/subject/1303773/,2011-02-17,★★,看过,
K-19：寡妇制造者,https://movie.douban.com/subject/1298245/,2011-02-17,★★★★,看过,
幽灵船,https://movie.douban.com/subject/1296535/,2011-02-17,★★★,看过,
蒸发密令,https://movie.douban.com/subject/1298635/,2011-02-17,★★★★,看过,
色即是空,https://movie.douban.com/subject/1305279/,2011-02-17,★★★,看过,
玩命快递,https://movie.douban.com/subject/1303139/,2011-02-17,★★★,看过,
寻枪,https://movie.douban.com/subject/1305224/,2011-02-17,★★★★,看过,
木乃伊归来,https://movie.douban.com/subject/1298586/,2011-02-17,★★★,看过,
卢浮魅影,https://movie.douban.com/subject/1297659/,2011-02-17,★★,看过,
大腕,https://movie.douban.com/subject/1304022/,2011-02-17,★★★★,看过,
古墓丽影,https://movie.douban.com/subject/1293173/,2011-02-17,★★,看过,
杀手阿一,https://movie.douban.com/subject/1295629/,2011-02-17,★★★,看过,
我的野蛮女友,https://movie.douban.com/subject/1292286/,2011-02-17,★★★,看过,
十一罗汉,https://movie.douban.com/subject/1301578/,2011-02-17,★★★,看过,
小龙人,https://movie.douban.com/subject/2085721/,2011-02-17,★★★★,看过,
决战猩球,https://movie.douban.com/subject/1304338/,2011-02-17,★★★★,看过,
绝密飞行,https://movie.douban.com/subject/1309200/,2011-02-17,★★,看过,
透明人,https://movie.douban.com/subject/1293470/,2011-02-17,★★★★★,看过,
终结者3,https://movie.douban.com/subject/1305333/,2011-02-17,★★,看过,
终结者,https://movie.douban.com/subject/1300656/,2011-02-17,★★★★★,看过,
X战警2,https://movie.douban.com/subject/1305724/,2011-02-17,★★★,看过,
X战警,https://movie.douban.com/subject/1295250/,2011-02-17,★★★★,看过,
逃出克隆岛,https://movie.douban.com/subject/1395776/,2011-02-17,★★★,看过,
生化危机3：灭绝,https://movie.douban.com/subject/1482911/,2011-02-17,★★★,看过,
生化危机2：启示录,https://movie.douban.com/subject/1308752/,2011-02-17,★★★,看过,
生化危机,https://movie.douban.com/subject/1306809/,2011-02-17,★★★,看过,
2001太空漫游,https://movie.douban.com/subject/1292226/,2011-02-16,★★★★★,看过,
人工智能,https://movie.douban.com/subject/1302827/,2011-02-16,★★★★,看过,
蓝色情人节,https://movie.douban.com/subject/2974278/,2011-02-08,★★★,看过,
美味情缘,https://movie.douban.com/subject/1947144/,2011-02-08,★★,看过,
孩子们都很好,https://movie.douban.com/subject/3569969/,2011-02-08,★★★,看过,
大地惊雷,https://movie.douban.com/subject/3626372/,2011-02-08,★★★★,看过,
黑天鹅,https://movie.douban.com/subject/1978709/,2011-02-07,★★★★,看过,
爱情与灵药,https://movie.douban.com/subject/3078609/,2011-02-07,★★★,看过,
国王的演讲,https://movie.douban.com/subject/4023638/,2011-02-07,★★★★,看过,
天空之城,https://movie.douban.com/subject/1291583/,2011-02-06,★★★★★,看过,
致命魔术,https://movie.douban.com/subject/1780330/,2011-02-05,★★★★★,看过,
开往春天的地铁,https://movie.douban.com/subject/1305466/,2011-02-04,★★★★,看过,
斗士,https://movie.douban.com/subject/2056093/,2011-02-02,★★★★,看过,
灵动：鬼影实录2,https://movie.douban.com/subject/4117274/,2011-01-31,★★★,看过,
新少林寺,https://movie.douban.com/subject/4097023/,2011-01-29,★★,看过,
告白,https://movie.douban.com/subject/4268598/,2011-01-24,★★★★★,看过,
127小时,https://movie.douban.com/subject/4164444/,2011-01-22,★★★★,看过,
非诚勿扰2,https://movie.douban.com/subject/4271894/,2011-01-03,★★,看过,
神偷奶爸,https://movie.douban.com/subject/3287562/,2011-01-01,★★★★,看过,
活埋,https://movie.douban.com/subject/3819877/,2010-12-26,★★★★,看过,
阳光灿烂的日子,https://movie.douban.com/subject/1291875/,2010-12-25,★★★★★,看过,
鬼子来了,https://movie.douban.com/subject/1291858/,2010-12-25,★★★★★,看过,
太阳照常升起,https://movie.douban.com/subject/1766086/,2010-12-24,★★★★,看过,
让子弹飞,https://movie.douban.com/subject/3742360/,2010-12-22,★★★★★,看过,
得闲炒饭,https://movie.douban.com/subject/4145476/,2010-12-20,★★★,看过,
城中大盗,https://movie.douban.com/subject/3217165/,2010-12-17,★★★,看过,
千与千寻,https://movie.douban.com/subject/1291561/,2010-12-12,★★★★★,看过,
雷斯特雷波,https://movie.douban.com/subject/4270691/,2010-12-12,★★★★,看过,
海洋,https://movie.douban.com/subject/3443389/,2010-12-12,★★★★★,看过,
功夫熊猫感恩节特辑,https://movie.douban.com/subject/5323683/,2010-11-28,★★★★★,看过,
阿凡达,https://movie.douban.com/subject/1652587/,2010-11-24,★★★★★,看过,
月球,https://movie.douban.com/subject/3073124/,2010-11-23,★★★★,看过,
黑楼孤魂,https://movie.douban.com/subject/1830189/,2010-11-22,★★,看过,
海神号,https://movie.douban.com/subject/1473795/,2010-11-21,★★,看过,
机器战警3,https://movie.douban.com/subject/1300371/,2010-11-21,★★★★★,看过,
11度青春之《老男孩》,https://movie.douban.com/subject/5344178/,2010-11-21,★★★★★,看过,
电锯惊魂7,https://movie.douban.com/subject/3878157/,2010-11-18,★★★,看过,
致命ID,https://movie.douban.com/subject/1297192/,2010-11-14,★★★★,看过,
和莎莫的500天,https://movie.douban.com/subject/3072086/,2010-11-14,★★★,看过,
七宗罪,https://movie.douban.com/subject/1292223/,2010-11-13,★★★★★,看过,
最后的风之子,https://movie.douban.com/subject/2363919/,2010-11-11,★,看过,
秒速5厘米,https://movie.douban.com/subject/2043546/,2010-11-08,★★★★,看过,
穿越时空的少女,https://movie.douban.com/subject/1937946/,2010-11-08,★★★★,看过,
玩具总动员3,https://movie.douban.com/subject/1858711/,2010-11-07,★★★★★,看过,
美国人,https://movie.douban.com/subject/3744561/,2010-11-06,★★★,看过,
社交网络,https://movie.douban.com/subject/3205624/,2010-10-29,★★★★★,看过,
剑雨,https://movie.douban.com/subject/3813779/,2010-10-25,★★★★,看过,
高空飞行,https://movie.douban.com/subject/3637228/,2010-10-23,★★,看过,
驯龙高手,https://movie.douban.com/subject/2353023/,2010-10-21,★★★★★,看过,
食人鱼3D,https://movie.douban.com/subject/2269893/,2010-10-18,★★,看过,
一声叹息,https://movie.douban.com/subject/1305703/,2010-10-18,★★★★,看过,
阳光小美女,https://movie.douban.com/subject/1777612/,2010-10-15,★★★★,看过,
生化危机4：战神再生,https://movie.douban.com/subject/3041294/,2010-10-11,★★,看过,
叫我第一名,https://movie.douban.com/subject/4798888/,2010-10-10,★★★★★,看过,
情人节,https://movie.douban.com/subject/2368641/,2010-10-08,★★★,看过,
真爱至上,https://movie.douban.com/subject/1292401/,2010-10-07,★★★★★,看过,
三傻大闹宝莱坞,https://movie.douban.com/subject/3793023/,2010-10-07,★★★★★,看过,
给朱丽叶的信,https://movie.douban.com/subject/3346464/,2010-10-06,★★★★,看过,
革命之路,https://movie.douban.com/subject/2037012/,2010-10-05,★★★★,看过,
新铁血战士,https://movie.douban.com/subject/3699737/,2010-10-04,★★★,看过,
岁月神偷,https://movie.douban.com/subject/3792799/,2010-10-03,★★★★,看过,
天水围的日与夜,https://movie.douban.com/subject/3077668/,2010-09-30,★★★★,看过,
借着雨点说爱你,https://movie.douban.com/subject/1395080/,2010-09-19,★★★★★,看过,
分手说爱你,https://movie.douban.com/subject/3804470/,2010-09-18,★★★★,看过,
红楼梦,https://movie.douban.com/subject/3014183/,2010-09-16,★,看过,
死亡实验,https://movie.douban.com/subject/3805091/,2010-09-11,★★★★,看过,
线人,https://movie.douban.com/subject/4133814/,2010-09-05,★★★,看过,
第36个故事,https://movie.douban.com/subject/3732780/,2010-09-05,★★★,看过,
盗梦空间,https://movie.douban.com/subject/3541415/,2010-09-04,★★★★★,看过,
枪王之王,https://movie.douban.com/subject/4133988/,2010-08-29,★★★,看过,
敢死队,https://movie.douban.com/subject/3279080/,2010-08-22,★★★,看过,
恋空,https://movie.douban.com/subject/3003830/,2010-08-21,★★★★,看过,
特工绍特,https://movie.douban.com/subject/2153526/,2010-08-20,★★,看过,
头文字D,https://movie.douban.com/subject/1329562/,2010-08-18,★★★★,看过,
千钧。一发,https://movie.douban.com/subject/2256043/,2010-08-16,★★★★,看过,
人兽杂交,https://movie.douban.com/subject/2301701/,2010-08-03,★★,看过,
唐山大地震,https://movie.douban.com/subject/3596502/,2010-07-29,★★,看过,
大逃杀,https://movie.douban.com/subject/1292444/,2010-07-28,★★★★★,看过,
志明与春娇,https://movie.douban.com/subject/4305436/,2010-07-25,★★★★,看过,
暮光之城3：月食,https://movie.douban.com/subject/3289086/,2010-07-22,★★★,看过,
天龙特攻队,https://movie.douban.com/subject/2174535/,2010-07-17,★★★,看过,
玛丽和麦克斯,https://movie.douban.com/subject/3072124/,2010-07-14,★★★★★,看过,
诸神之战,https://movie.douban.com/subject/2131654/,2010-07-10,★★★,看过,
贱女孩,https://movie.douban.com/subject/1309084/,2010-07-04,★★★,看过,
热浴盆时光机,https://movie.douban.com/subject/3071471/,2010-07-04,★★★,看过,
好男孩,https://movie.douban.com/subject/3193932/,2010-07-04,★★★,看过,
人在囧途,https://movie.douban.com/subject/4237879/,2010-07-03,★★,看过,
美国黑帮,https://movie.douban.com/subject/1578503/,2010-06-27,★★★★★,看过,
抽屉里的情书,https://movie.douban.com/subject/4064890/,2010-06-27,★★★★,看过,
火龙对决,https://movie.douban.com/subject/3993708/,2010-06-19,★★★,看过,
天使之恋,https://movie.douban.com/subject/4196129/,2010-06-19,★★★★,看过,
黑色第16号房,https://movie.douban.com/subject/1300903/,2010-06-19,★★★★★,看过,
龙猫,https://movie.douban.com/subject/1291560/,2010-06-19,★★★★★,看过,
记住我,https://movie.douban.com/subject/3626365/,2010-06-18,★★,看过,
他其实没那么喜欢你,https://movie.douban.com/subject/2161696/,2010-06-16,★★★,看过,
太平洋战争,https://movie.douban.com/subject/1428176/,2010-06-02,★★★★,看过,
狼人,https://movie.douban.com/subject/2132477/,2010-05-22,★★,看过,
海扁王,https://movie.douban.com/subject/3148748/,2010-05-13,★★★★,看过,
暗算,https://movie.douban.com/subject/2158486/,2010-05-09,★★★★★,看过,
钢铁侠2,https://movie.douban.com/subject/3066739/,2010-05-08,★★★★,看过,
编辑部的故事,https://movie.douban.com/subject/2154390/,2010-05-04,★★★★★,看过,
叶问2：宗师传奇,https://movie.douban.com/subject/3578981/,2010-05-01,★★★★★,看过,
杜拉拉升职记,https://movie.douban.com/subject/3820191/,2010-04-29,★,看过,
闪灵,https://movie.douban.com/subject/1292225/,2010-04-25,★★★★★,看过,
8英里,https://movie.douban.com/subject/1307853/,2010-03-28,★★★,看过,
超时空接触,https://movie.douban.com/subject/1295647/,2010-03-28,★★★★★,看过,
锦衣卫,https://movie.douban.com/subject/3754946/,2010-03-22,★★★,看过,
禁闭岛,https://movie.douban.com/subject/2334904/,2010-03-22,★★★★,看过,
成事在人,https://movie.douban.com/subject/2136824/,2010-03-21,★★★★,看过,
时间旅行者的妻子,https://movie.douban.com/subject/1885124/,2010-03-21,★★★,看过,
黑暗侵袭2,https://movie.douban.com/subject/3066083/,2010-03-20,★★★,看过,
生活大爆炸  第二季,https://movie.douban.com/subject/3190880/,2010-03-16,★★★★,看过,
生活大爆炸  第三季,https://movie.douban.com/subject/3990470/,2010-03-16,★★★★,看过,
有关时间旅行的热门问题,https://movie.douban.com/subject/2046839/,2010-03-14,★★★★★,看过,
疯狂的心,https://movie.douban.com/subject/3182864/,2010-03-13,★★★★,看过,
拆弹部队,https://movie.douban.com/subject/2028645/,2010-03-08,★★★,看过,
科比工作进行时,https://movie.douban.com/subject/3410415/,2010-03-06,★★★★,看过,
篮球小皇帝,https://movie.douban.com/subject/3206681/,2010-03-06,★★★★,看过,
被时间遗忘的土地,https://movie.douban.com/subject/1796752/,2010-03-04,★★★★,看过,
生活大爆炸  第一季,https://movie.douban.com/subject/2156528/,2010-02-27,★★★★,看过,
艋舺,https://movie.douban.com/subject/3737102/,2010-02-17,★★,看过,
暮光之城2：新月,https://movie.douban.com/subject/3148027/,2010-02-16,★★,看过,
弱点,https://movie.douban.com/subject/3552028/,2010-02-08,★★★★★,看过,
在云端,https://movie.douban.com/subject/3077791/,2010-02-07,★★★,看过,
心灵捕手,https://movie.douban.com/subject/1292656/,2010-02-07,★★★★,看过,
海豚湾,https://movie.douban.com/subject/3442220/,2010-02-01,★★★★★,看过,
珍爱,https://movie.douban.com/subject/3011072/,2010-02-01,★★★★,看过,
孔子,https://movie.douban.com/subject/3606975/,2010-01-31,★,看过,
大侦探福尔摩斯,https://movie.douban.com/subject/2998270/,2010-01-24,★★★★,看过,
猎杀U-571,https://movie.douban.com/subject/1293770/,2010-01-24,★★★★,看过,
十月围城,https://movie.douban.com/subject/3626416/,2010-01-23,★★,看过,
无耻混蛋,https://movie.douban.com/subject/1438652/,2010-01-21,★★★★,看过,
这个杀手不太冷,https://movie.douban.com/subject/1295644/,2010-01-16,★★★★,看过,
范海辛,https://movie.douban.com/subject/1309136/,2010-01-13,★★★,看过,
天降奇兵,https://movie.douban.com/subject/1303910/,2010-01-13,★★★,看过,
荒岛余生,https://movie.douban.com/subject/1298653/,2010-01-05,★★★★★,看过,
绿里奇迹,https://movie.douban.com/subject/1300374/,2010-01-04,★★★★★,看过,
汉尼拔,https://movie.douban.com/subject/1301746/,2010-01-03,★★★,看过,
兵临城下,https://movie.douban.com/subject/1301726/,2010-01-02,★★★★,看过,
机器战警,https://movie.douban.com/subject/1294791/,2010-01-02,★★★★★,看过,
太极宗师,https://movie.douban.com/subject/1960302/,2010-01-02,★★★★,看过,
沉默的羔羊,https://movie.douban.com/subject/1293544/,2010-01-01,★★★★★,看过,
星河战队,https://movie.douban.com/subject/1295384/,2009-12-25,★★★★★,看过,
死神来了4,https://movie.douban.com/subject/2357708/,2009-12-18,★★★,看过,
美国派(番外篇)7：索爱天书,https://movie.douban.com/subject/3748544/,2009-12-15,★★★,看过,
美国派(番外篇)6：兄弟会,https://movie.douban.com/subject/2343491/,2009-12-15,★★★,看过,
美国派(番外篇)5：裸奔,https://movie.douban.com/subject/1937400/,2009-12-15,★★★,看过,
美国派(番外篇)4：集体露营,https://movie.douban.com/subject/1434257/,2009-12-15,★★★,看过,
美国派3：美国婚礼,https://movie.douban.com/subject/1308429/,2009-12-15,★★★,看过,
美国派2,https://movie.douban.com/subject/1305068/,2009-12-15,★★★,看过,
遗愿清单,https://movie.douban.com/subject/1867345/,2009-12-13,★★★★,看过,
斗牛,https://movie.douban.com/subject/4009651/,2009-12-13,★★★,看过,
灵动：鬼影实录,https://movie.douban.com/subject/3011550/,2009-12-13,★★★,看过,
异形大战铁血战士,https://movie.douban.com/subject/1308769/,2009-11-30,★,看过,
异形4,https://movie.douban.com/subject/1299153/,2009-11-30,★★★★,看过,
异形3,https://movie.douban.com/subject/1297929/,2009-11-30,★★★★,看过,
异形2,https://movie.douban.com/subject/1293792/,2009-11-30,★★★★,看过,
异形,https://movie.douban.com/subject/1300868/,2009-11-30,★★★★,看过,
侏罗纪公园3,https://movie.douban.com/subject/1304643/,2009-11-30,★★★★,看过,
侏罗纪公园2：失落的世界,https://movie.douban.com/subject/1293702/,2009-11-30,★★★★,看过,
剑鱼行动,https://movie.douban.com/subject/1304608/,2009-11-27,★★★,看过,
电锯惊魂6,https://movie.douban.com/subject/3075983/,2009-11-27,★★★★,看过,
超人归来,https://movie.douban.com/subject/1418191/,2009-11-25,★★★★,看过,
X战警3：背水一战,https://movie.douban.com/subject/1401524/,2009-11-24,★★★★★,看过,
刀锋战士3,https://movie.douban.com/subject/1308978/,2009-11-23,★★★★★,看过,
刀锋战士2,https://movie.douban.com/subject/1306894/,2009-11-23,★★★★★,看过,
生死时速,https://movie.douban.com/subject/1293167/,2009-11-22,★★★★★,看过,
亡命天涯,https://movie.douban.com/subject/1297229/,2009-11-22,★★★★,看过,
第一滴血,https://movie.douban.com/subject/1294323/,2009-11-22,★★★★★,看过,
虎胆龙威3,https://movie.douban.com/subject/1299837/,2009-11-22,★★★★★,看过,
虎胆龙威2,https://movie.douban.com/subject/1300537/,2009-11-22,★★★★★,看过,
虎胆龙威,https://movie.douban.com/subject/1292697/,2009-11-22,★★★★★,看过,
机器人9号,https://movie.douban.com/subject/1764796/,2009-11-22,★★,看过,
蜗居,https://movie.douban.com/subject/3609075/,2009-11-20,★,看过,
宝莲灯,https://movie.douban.com/subject/1299643/,2009-11-19,★★★,看过,
泰山,https://movie.douban.com/subject/1294766/,2009-11-19,★★★,看过,
没完没了,https://movie.douban.com/subject/1296253/,2009-11-19,★★★★,看过,
一个都不能少,https://movie.douban.com/subject/1294963/,2009-11-19,★★★,看过,
007之黑日危机,https://movie.douban.com/subject/1293174/,2009-11-19,★★★,看过,
诺丁山,https://movie.douban.com/subject/1298038/,2009-11-19,★★★★★,看过,
喜剧之王,https://movie.douban.com/subject/1302425/,2009-11-19,★★★,看过,
美国派,https://movie.douban.com/subject/1295253/,2009-11-19,★★★★,看过,
精灵鼠小弟,https://movie.douban.com/subject/1295242/,2009-11-19,★★★,看过,
龙堂,https://movie.douban.com/subject/2287754/,2009-11-19,★★★,看过,
少年英雄方世玉,https://movie.douban.com/subject/2154862/,2009-11-19,★★★,看过,
水浒传,https://movie.douban.com/subject/3904560/,2009-11-19,★★★,看过,
爱情麻辣烫,https://movie.douban.com/subject/1306130/,2009-11-19,★★,看过,
还珠格格,https://movie.douban.com/subject/1786739/,2009-11-19,★★★,看过,
鹿鼎记,https://movie.douban.com/subject/1863923/,2009-11-19,★★★★★,看过,
极度深寒,https://movie.douban.com/subject/1293515/,2009-11-19,★★★★★,看过,
不见不散,https://movie.douban.com/subject/1307014/,2009-11-19,★★★,看过,
没事偷着乐,https://movie.douban.com/subject/1300678/,2009-11-19,★★★★,看过,
尖峰时刻,https://movie.douban.com/subject/1292624/,2009-11-19,★★★,看过,
刀锋战士,https://movie.douban.com/subject/1298120/,2009-11-19,★★★★,看过,
世界末日,https://movie.douban.com/subject/1292769/,2009-11-19,★★★★★,看过,
的士速递,https://movie.douban.com/subject/1294262/,2009-11-19,★★★,看过,
哥斯拉,https://movie.douban.com/subject/1295292/,2009-11-19,★★★★,看过,
午夜凶铃,https://movie.douban.com/subject/1307696/,2009-11-19,★★★★,看过,
偷天陷阱,https://movie.douban.com/subject/1300069/,2009-11-19,★★★,看过,
风声,https://movie.douban.com/subject/3734112/,2009-11-15,★★★,看过,
2012,https://movie.douban.com/subject/3005875/,2009-11-15,★★★,看过,
飞屋环游记,https://movie.douban.com/subject/2129039/,2009-11-04,★★★★★,看过,
未来战警,https://movie.douban.com/subject/2993217/,2009-11-03,★★,看过,
对不起，我爱你,https://movie.douban.com/subject/1782142/,2009-10-27,★★★,看过,
建国大业,https://movie.douban.com/subject/3543690/,2009-10-24,★,看过,
虎胆龙威4,https://movie.douban.com/subject/1401535/,2009-10-19,★★★★,看过,
国家要案,https://movie.douban.com/subject/1905786/,2009-09-13,★★★,看过,
第九区,https://movie.douban.com/subject/3006772/,2009-09-12,★★★★★,看过,
黑猫警长,https://movie.douban.com/subject/1860377/,2009-09-08,★★★★★,看过,
舒克和贝塔,https://movie.douban.com/subject/1870436/,2009-09-08,★★★★★,看过,
黑客帝国3：矩阵革命,https://movie.douban.com/subject/1302467/,2009-09-04,★★★★★,看过,
黑客帝国2：重装上阵,https://movie.douban.com/subject/1304141/,2009-09-04,★★★★★,看过,
天使与魔鬼,https://movie.douban.com/subject/1927369/,2009-09-01,★★★,看过,
单车上路,https://movie.douban.com/subject/3318479/,2009-08-16,★★★,看过,
特种部队：眼镜蛇的崛起,https://movie.douban.com/subject/2223596/,2009-08-13,★★★,看过,
百万富翁的初恋,https://movie.douban.com/subject/2298282/,2009-08-02,,看过,
入殓师,https://movie.douban.com/subject/2149806/,2009-08-02,★★★★,看过,
家园,https://movie.douban.com/subject/3018123/,2009-08-02,★★★★★,看过,
暴力云与送子鹳,https://movie.douban.com/subject/3734350/,2009-07-25,★★★★★,看过,
007：大战皇家赌场,https://movie.douban.com/subject/1418190/,2009-07-22,★★★★★,看过,
碟中谍,https://movie.douban.com/subject/1292484/,2009-07-21,★★★★★,看过,
玩具总动员,https://movie.douban.com/subject/1291575/,2009-07-21,★★★★,看过,
本能,https://movie.douban.com/subject/1291869/,2009-07-21,★★★★★,看过,
侏罗纪公园,https://movie.douban.com/subject/1292523/,2009-07-21,★★★★,看过,
独立日,https://movie.douban.com/subject/1293013/,2009-07-21,★★★★★,看过,
黑衣人,https://movie.douban.com/subject/1301445/,2009-07-21,★★★★,看过,
国家宝藏：夺宝秘笈,https://movie.douban.com/subject/1607471/,2009-07-21,★★★★,看过,
加勒比海盗3：世界的尽头,https://movie.douban.com/subject/1418192/,2009-07-21,★★★★,看过,
勇敢者的游戏,https://movie.douban.com/subject/1294990/,2009-07-21,★★★★,看过,
Q版猫和老鼠,https://movie.douban.com/subject/2138382/,2009-07-21,★★★★★,看过,
杀死比尔,https://movie.douban.com/subject/1291580/,2009-07-21,★★★,看过,
加菲猫,https://movie.douban.com/subject/1308776/,2009-07-21,★★★★,看过,
真实的谎言,https://movie.douban.com/subject/1292553/,2009-07-21,★★★★,看过,
我，机器人,https://movie.douban.com/subject/1308843/,2009-07-21,★★★★,看过,
蜘蛛侠2,https://movie.douban.com/subject/1308570/,2009-07-21,★★★,看过,
加勒比海盗2：亡灵的宝藏,https://movie.douban.com/subject/1315574/,2009-07-21,★★★,看过,
蜘蛛侠3,https://movie.douban.com/subject/1418189/,2009-07-21,★★★,看过,
国家宝藏,https://movie.douban.com/subject/1308848/,2009-07-21,★★★★,看过,
变相怪杰,https://movie.douban.com/subject/1297570/,2009-07-21,★★★★★,看过,
变脸,https://movie.douban.com/subject/1292659/,2009-07-21,★★★,看过,
全民超人汉考克,https://movie.douban.com/subject/1949312/,2009-07-21,★★,看过,
指环王1：护戒使者,https://movie.douban.com/subject/1291571/,2009-07-21,★★★★★,看过,
老无所依,https://movie.douban.com/subject/1857099/,2009-07-21,★★★★★,看过,
幸福终点站,https://movie.douban.com/subject/1292274/,2009-07-21,★★★★★,看过,
博物馆奇妙夜,https://movie.douban.com/subject/1835843/,2009-07-21,★★★★,看过,
黑客帝国,https://movie.douban.com/subject/1291843/,2009-07-21,★★★★★,看过,
超人总动员,https://movie.douban.com/subject/1291577/,2009-07-21,★★★,看过,
达·芬奇密码,https://movie.douban.com/subject/1329950/,2009-07-21,★★★★,看过,
断背山,https://movie.douban.com/subject/1418834/,2009-07-21,★★★,看过,
珍珠港,https://movie.douban.com/subject/1302987/,2009-07-21,★★★★★,看过,
加勒比海盗,https://movie.douban.com/subject/1298070/,2009-07-21,★★★★,看过,
我是传奇,https://movie.douban.com/subject/1820156/,2009-07-21,★★★★,看过,
蜘蛛侠,https://movie.douban.com/subject/1306612/,2009-07-21,★★★,看过,
海底总动员,https://movie.douban.com/subject/1291586/,2009-07-21,,看过,
雨人,https://movie.douban.com/subject/1291870/,2009-07-21,★★★★★,看过,
金刚,https://movie.douban.com/subject/1309043/,2009-07-21,★★★★,看过,
小鬼当家,https://movie.douban.com/subject/1293088/,2009-07-21,★★★★★,看过,
史密斯夫妇,https://movie.douban.com/subject/1309199/,2009-07-21,★★★,看过,
穿普拉达的女王,https://movie.douban.com/subject/1482072/,2009-07-21,★★★★,看过,
功夫熊猫,https://movie.douban.com/subject/1783457/,2009-07-21,★★★★,看过,
变形金刚,https://movie.douban.com/subject/1794171/,2009-07-21,★★★★★,看过,
重返十七岁,https://movie.douban.com/subject/2213591/,2009-07-21,★★★,看过,
神秘代码,https://movie.douban.com/subject/2354729/,2009-07-20,★★★,看过,
守望者,https://movie.douban.com/subject/1972698/,2009-07-19,★★★★,看过,
黑色星期五,https://movie.douban.com/subject/1914923/,2009-07-18,★,看过,
灌篮高手,https://movie.douban.com/subject/1998799/,2009-07-03,★★★★★,看过,
老爸老妈的浪漫史 第二季,https://movie.douban.com/subject/2296025/,2009-07-03,★★★★,看过,
老爸老妈的浪漫史 第一季,https://movie.douban.com/subject/1427818/,2009-07-03,★★★★★,看过,
无敌浩克,https://movie.douban.com/subject/1866475/,2009-06-30,★★★★★,看过,
暮光之城,https://movie.douban.com/subject/2268359/,2009-06-30,★★★★,看过,
变形金刚2,https://movie.douban.com/subject/2146991/,2009-06-28,★★★★★,看过,
迈克尔·杰克逊：专辑历史记录第二辑,https://movie.douban.com/subject/1857382/,2009-06-26,★★★★★,看过,
狼的诱惑,https://movie.douban.com/subject/1325399/,2009-06-25,★★★★,看过,
金刚狼,https://movie.douban.com/subject/1792928/,2009-06-22,★★★,看过,
终结者2018,https://movie.douban.com/subject/1410556/,2009-06-13,★★★,看过,
鹰眼,https://movie.douban.com/subject/2264715/,2009-06-10,★★★,看过,
科洛弗档案,https://movie.douban.com/subject/2144242/,2009-06-08,★★★★★,看过,
死神来了3,https://movie.douban.com/subject/1436870/,2009-06-08,★★★,看过,
死神来了2,https://movie.douban.com/subject/1307956/,2009-06-08,★★★,看过,
死神来了,https://movie.douban.com/subject/1300300/,2009-06-08,★★★,看过,
星际迷航,https://movie.douban.com/subject/2132932/,2009-06-08,★★★★,看过,
独自等待,https://movie.douban.com/subject/1308741/,2009-06-08,★★★★★,看过,
恐怖解剖室,https://movie.douban.com/subject/2060184/,2009-06-03,★★★,看过,
隔山有眼2,https://movie.douban.com/subject/1839857/,2009-06-03,★★★★,看过,
电锯惊魂5,https://movie.douban.com/subject/2350904/,2009-06-03,★★★★★,看过,
电锯惊魂4,https://movie.douban.com/subject/1922273/,2009-06-03,★★★★★,看过,
电锯惊魂3,https://movie.douban.com/subject/1474189/,2009-06-03,★★★★★,看过,
电锯惊魂2,https://movie.douban.com/subject/1309045/,2009-06-03,★★★★★,看过,
速度与激情4,https://movie.douban.com/subject/2132930/,2009-06-03,★,看过,
南京！南京！,https://movie.douban.com/subject/2294568/,2009-06-03,★★★★,看过,
兄弟连,https://movie.douban.com/subject/1307847/,2009-04-30,★★★★★,看过,
钢铁侠,https://movie.douban.com/subject/1432146/,2009-04-30,★★★★★,看过,
七磅,https://movie.douban.com/subject/2969282/,2009-04-15,★★★,看过,
贫民窟的百万富翁,https://movie.douban.com/subject/2209573/,2009-02-24,★★★★★,看过,
朗读者,https://movie.douban.com/subject/2213597/,2009-02-23,★★★,看过,
纯情漫画,https://movie.douban.com/subject/3025450/,2009-02-23,★★★,看过,
玩命快递3,https://movie.douban.com/subject/3018122/,2009-02-19,★★,看过,
勇闯夺命岛,https://movie.douban.com/subject/1292728/,2009-02-19,★★★★★,看过,
终结者2：审判日,https://movie.douban.com/subject/1291844/,2009-02-19,★★★,看过,
这个男人来自地球,https://movie.douban.com/subject/2300586/,2009-02-19,★★★★,看过,
圣诞夜惊魂,https://movie.douban.com/subject/1297131/,2009-02-19,★★★,看过,
泰坦尼克号,https://movie.douban.com/subject/1292722/,2009-02-19,★★★★★,看过,
罪恶之城,https://movie.douban.com/subject/1309027/,2009-02-19,★★★,看过,
电锯惊魂,https://movie.douban.com/subject/1417598/,2009-02-19,★★★★★,看过,
蝴蝶效应,https://movie.douban.com/subject/1292343/,2009-02-19,★★★★★,看过,
拯救大兵瑞恩,https://movie.douban.com/subject/1292849/,2009-02-19,★★★★,看过,
狮子王,https://movie.douban.com/subject/1301753/,2009-02-19,★★★,看过,
撞车,https://movie.douban.com/subject/1388216/,2009-02-19,★★★★,看过,
无间道,https://movie.douban.com/subject/1307914/,2009-02-19,★★★★,看过,
美丽心灵,https://movie.douban.com/subject/1306029/,2009-02-19,★★★★★,看过,
指环王2：双塔奇兵,https://movie.douban.com/subject/1291572/,2009-02-19,★★★★★,看过,
楚门的世界,https://movie.douban.com/subject/1292064/,2009-02-19,★★★★,看过,
本杰明·巴顿奇事,https://movie.douban.com/subject/1485260/,2009-02-19,★★★★,看过,
当幸福来敲门,https://movie.douban.com/subject/1849031/,2009-02-19,★★★★★,看过,
指环王3：王者无敌,https://movie.douban.com/subject/1291552/,2009-02-19,★★★★★,看过,
搏击俱乐部,https://movie.douban.com/subject/1292000/,2009-02-19,★★★★,看过,
海上钢琴师,https://movie.douban.com/subject/1292001/,2009-02-19,★★★★,看过,
机器人总动员,https://movie.douban.com/subject/2131459/,2009-02-19,★★★★,看过,
阿甘正传,https://movie.douban.com/subject/1292720/,2009-02-19,★★★★★,看过,
肖申克的救赎,https://movie.douban.com/subject/1292052/,2009-02-19,★★★★★,看过,
爱情呼叫转移Ⅱ：爱情左右,https://movie.douban.com/subject/3344570/,2009-02-19,★,看过,
叶问,https://movie.douban.com/subject/3041806/,2009-02-19,★★★★,看过,
女人不坏,https://movie.douban.com/subject/3230462/,2009-02-19,★,看过,
疯狂的赛车,https://movie.douban.com/subject/2124703/,2009-02-19,★★★★,看过,
